Name,Hash,Id,Tag,Tier,Type,Source,Equippable,Power,Power Limit,Energy Capacity,Owner,Locked,Equipped,Year,Season,Event,Mobility,Resilience,Recovery,Discipline,Intellect,Strength,Total,Mobility (Base),Resilience (Base),Recovery (Base),Discipline (Base),Intellect (Base),Strength (Base),Total (Base),Seasonal Mod,Loadouts,Notes,Perks 0,Perks 1,Perks 2,Perks 3,Perks 4,Perks 5,Perks 6,Perks 7,Perks 8,Perks 9,Perks 10,Perks 11
Clutch Extol Mask,1767106452,"""6917529861818109098""",,Legendary,Helmet,crucible,Hunter,1600,,1,Hunter(1792),false,false,5,16,,2,12,12,12,10,2,50,2,12,12,12,10,2,50,,,,Upgrade Armor*,*,*,*,*,,,,,,,
Wormhusk Crown,3562696927,"""6917529861425122302""",,Exotic,Helmet,,Hunter,1600,,3,Hunter(1792),true,false,1,3,,7,2,17,6,6,12,50,7,2,17,6,6,12,50,,,,Upgrade Armor*,*,*,*,*,Burning Souls*,,,,,,
Insight Rover Mask,2298664693,"""6917529861823507984""",,Legendary,Helmet,legendaryengram,Hunter,1600,,5,Hunter(1792),false,false,3,11,,7,19,2,7,12,7,54,7,19,2,7,12,7,54,,,,Upgrade Armor*,*,*,*,*,,,,,,,
Tangled Web Mask,141163281,"""6917529875940397815""",,Legendary,Helmet,legendaryengram,Hunter,1782,,1,Hunter(1792),false,false,4,15,,6,12,8,20,6,2,54,6,12,8,20,6,2,54,,,,Upgrade Armor*,*,*,*,*,,,,,,,
Frumious Mask,477057676,"""6917529875498128486""",,Legendary,Helmet,campaign,Hunter,1682,,1,Hunter(1792),false,false,4,12,,2,9,18,6,9,13,57,2,9,18,6,9,13,57,,,,Upgrade Armor*,*,*,*,*,,,,,,,
Graviton Forfeit,2773056939,"""6917529875556244514""",,Exotic,Helmet,,Hunter,1600,,7,Hunter(1792),false,false,1,2,,17,12,7,6,6,10,58,17,2,7,6,6,10,48,,PvE,,Resilience Mod*,Ashes to Assets*,Ashes to Assets*,Ashes to Assets*,Upgrade Armor*,*,*,*,*,Vanishing Shadow*,,
Icarus Drifter Mask,2567710435,"""6917529875957202581""",,Legendary,Helmet,legendaryengram,Hunter,1787,,1,Hunter(1792),false,false,3,11,,2,10,13,14,8,7,54,2,10,13,14,8,7,54,,,,Upgrade Armor*,*,*,*,*,,,,,,,
Dead End Cure 2.1,3064716714,"""6917529876499545781""",,Legendary,Helmet,legendaryengram,Hunter,1794,,3,Hunter(1792),false,false,4,15,,2,13,13,11,6,8,53,2,13,13,11,6,8,53,,,,Upgrade Armor*,*,*,*,*,,,,,,,
Iron Companion Mask,3352415987,"""6917529861425131651""",,Legendary,Helmet,ironbanner,Hunter,1600,,3,Hunter(1792),false,false,5,19,,20,8,2,10,20,2,62,20,8,2,10,20,2,62,,,,Upgrade Armor*,*,*,*,*,Iron Lord's Pride*,,,,,,
Icarus Drifter Grips,3239215026,"""6917529875504880514""",,Legendary,Gauntlets,legendaryengram,Hunter,1757,,4,Hunter(1792),false,false,3,11,,7,6,10,16,2,8,49,7,6,10,16,2,8,49,,,,Upgrade Armor*,*,*,*,*,,,,,,,
Prodigal Grasps,514472007,"""6917529875533767457""",,Legendary,Gauntlets,legendaryengram,Hunter,1773,,1,Hunter(1792),false,false,4,15,,11,2,11,12,6,6,48,11,2,11,12,6,6,48,,,,Upgrade Armor*,*,*,*,*,,,,,,,
Abhorrent Imperative Grasps,2114894938,"""6917529143187320523""",,Legendary,Gauntlets,,Hunter,1600,,7,Hunter(1792),false,false,3,10,,12,22,2,17,2,6,61,12,12,2,17,2,6,51,,PvE,,Resilience Mod*,Firepower*,Bolstering Detonation*,Impact Induction*,Upgrade Armor*,*,*,*,*,,,
Red Moon Phantom Grips,1291141296,"""6917529876492588395""",,Legendary,Gauntlets,legendaryengram,Hunter,1793,,2,Hunter(1792),false,false,4,13,,10,2,14,18,2,8,54,10,2,14,18,2,8,54,,,,Upgrade Armor*,*,*,*,*,,,,,,,
Sealed Ahamkara Grasps,1688602431,"""6917529875932919961""",,Exotic,Gauntlets,,Hunter,1788,,1,Hunter(1792),false,false,1,3,,17,11,2,2,7,20,59,17,11,2,2,7,20,59,,,,Upgrade Armor*,*,*,*,*,Nightmare Fuel*,,,,,,
Liar's Handshake,4165919945,"""6917529876110322271""",,Exotic,Gauntlets,,Hunter,1786,,8,Hunter(1792),false,false,2,6,,12,16,6,6,6,12,58,12,6,6,6,6,12,48,,PvE,,Resilience Mod*,Firepower*,Impact Induction*,Impact Induction*,Upgrade Armor*,*,*,*,*,Cross Counter*,,
Dead End Cure 2.1,3070277875,"""6917529876556662416""",,Legendary,Gauntlets,legendaryengram,Hunter,1789,,1,Hunter(1792),false,false,4,15,,13,15,2,11,7,7,55,13,15,2,11,7,7,55,,,,Upgrade Armor*,*,*,*,*,,,,,,,
War Mantis,4155348771,"""6917529875533771626""",,Rare,Chest Armor,campaign,Hunter,1765,,5,Hunter(1792),false,false,2,4,,6,11,6,10,6,6,45,6,11,6,10,6,6,45,,,,Upgrade Armor*,*,*,*,*,,,,,,,
Shieldbreaker Vest,1641416381,"""6917529875504876276""",,Rare,Chest Armor,adventure,Hunter,1682,,5,Hunter(1792),false,false,1,1,,13,6,6,10,2,10,47,13,6,6,10,2,10,47,,,,Upgrade Armor*,*,*,*,*,,,,,,,
Gumshoe Gumption Vest,502477449,"""6917529875504873303""",,Rare,Chest Armor,campaign,Hunter,1719,,5,Hunter(1792),false,false,5,16,,12,2,12,6,6,10,48,12,2,12,6,6,10,48,,,,Upgrade Armor*,*,*,*,*,,,,,,,
Unyielding Favor Vest,3995603239,"""6917529875924670795""",,Legendary,Chest Armor,seasonpass,Hunter,1786,,4,Hunter(1792),false,false,6,20,,13,7,12,17,8,7,64,13,7,12,17,8,7,64,,,,Upgrade Armor*,*,*,*,*,Queen's Favor*,,,,,,
Dead End Cure 2.1,1835885085,"""6917529875919747948""",,Legendary,Chest Armor,legendaryengram,Hunter,1776,,1,Hunter(1792),false,false,4,15,,2,23,6,8,11,7,57,2,23,6,8,11,7,57,,,,Upgrade Armor*,*,*,*,*,,,,,,,
Scorned Baron Vest,988607392,"""6917529876360392281""",,Legendary,Chest Armor,tangled,Hunter,1792,,1,Hunter(1792),false,false,4,12,,2,8,20,14,14,2,60,2,8,20,14,14,2,60,,,,Upgrade Armor*,*,*,*,*,,,,,,,
Errant Knight 1.0,2531405438,"""6917529876542096780""",,Legendary,Chest Armor,legendaryengram,Hunter,1794,,1,Hunter(1792),false,false,4,12,,17,8,2,19,7,2,55,17,8,2,19,7,2,55,,,,Upgrade Armor*,*,*,*,*,,,,,,,
Errant Knight 1.0,3166972772,"""6917529875498126756""",,Legendary,Leg Armor,legendaryengram,Hunter,1754,,2,Hunter(1792),false,false,4,12,,2,15,12,13,9,6,57,2,15,12,13,9,6,57,,,,Upgrade Armor*,*,*,*,*,,,,,,,
Shadow Specter,4230626646,"""6917529875490988085""",,Rare,Leg Armor,campaign,Hunter,1734,,5,Hunter(1792),false,false,2,4,,10,2,10,12,6,6,46,10,2,10,12,6,6,46,,,,Upgrade Armor*,*,*,*,*,,,,,,,
Prodigal Strides,3562245001,"""6917529861444738022""",,Legendary,Leg Armor,legendaryengram,Hunter,1600,,1,Hunter(1792),false,false,4,15,,15,6,7,7,17,2,54,15,6,7,7,17,2,54,,,,Upgrade Armor*,*,*,*,*,,,,,,,
St0mp-EE5,1245809814,"""6917529098088068527""",,Exotic,Leg Armor,,Hunter,1600,,,Hunter(1792),true,false,1,1,,25,10,0,5,5,10,55,20,0,0,5,5,10,40,,,,Hydraulic Boosters*,Mobility Enhancement Mod,Plasteel Reinforcement Mod*,Bomber,Traction*,Primary Ammo Finder,Scout Rifle Scavenger*,*,,,,
Clutch Extol Strides,1310207471,"""6917529861809302765""",,Legendary,Leg Armor,crucible,Hunter,1600,,1,Hunter(1792),false,false,5,16,,2,17,6,6,12,6,49,2,17,6,6,12,6,49,,,,Upgrade Armor*,*,*,*,*,,,,,,,
Red Moon Phantom Steps,1649776522,"""6917529861809309409""",,Legendary,Leg Armor,legendaryengram,Hunter,1600,,2,Hunter(1792),false,false,4,13,,2,7,16,12,7,6,50,2,7,16,12,7,6,50,,,,Upgrade Armor*,*,*,*,*,,,,,,,
Lucky Pants,193869522,"""6917529876344797547""",,Exotic,Leg Armor,,Hunter,1791,,4,Hunter(1792),false,false,1,1,,15,3,16,14,14,2,64,15,3,16,14,14,2,64,,,,Upgrade Armor*,*,*,*,*,Illegally Modded Holster*,,,,,,
Frumious Strides,20158663,"""6917529876367423094""",,Legendary,Leg Armor,ikora,Hunter,1792,,4,Hunter(1792),false,false,4,12,,2,8,20,12,12,2,56,2,8,20,12,12,2,56,,,,Upgrade Armor*,*,*,*,*,,,,,,,
Clandestine Maneuvers,265279665,"""6917529875512687167""",,Legendary,Hunter Cloak,legendaryengram,Hunter,1758,,5,Hunter(1792),false,false,3,11,,0,0,0,0,0,0,0,0,0,0,0,0,0,0,,,,Upgrade Armor*,,,,,,,,,,,
Tangled Web Cloak,1587155357,"""6917529875919748270""",,Legendary,Hunter Cloak,legendaryengram,Hunter,1782,,1,Hunter(1792),false,false,4,15,,0,0,0,0,0,0,0,0,0,0,0,0,0,0,,,,Upgrade Armor*,,,,,,,,,,,
A Cloak Called Home,1861032455,"""6917529861449085051""",,Legendary,Hunter Cloak,legendaryengram,Hunter,1600,,3,Hunter(1792),false,false,4,12,,0,0,0,0,0,0,0,0,0,0,0,0,0,0,,,,Upgrade Armor*,,,,,,,,,,,
Warmind's Avatar Cloak,1949733158,"""6917529861430249731""",,Legendary,Hunter Cloak,rasputin,Hunter,1600,,1,Hunter(1792),false,false,5,19,,0,0,0,0,0,0,0,0,0,0,0,0,0,0,,,,Upgrade Armor*,Seraph Sensor Array*,,,,,,,,,,
Icarus Drifter Cape,1153347999,"""6917529875949242062""",,Legendary,Hunter Cloak,legendaryengram,Hunter,1786,,3,Hunter(1792),false,false,3,11,,0,0,0,0,0,0,0,0,0,0,0,0,0,0,,,,Upgrade Armor*,,,,,,,,,,,
Icarus Drifter Cape,1153347999,"""6917529875490987860""",,Legendary,Hunter Cloak,legendaryengram,Hunter,1691,,1,Hunter(1792),false,false,3,11,,0,0,0,0,0,0,0,0,0,0,0,0,0,0,,,,Upgrade Armor*,,,,,,,,,,,
Frumious Cloak,748838194,"""6917529876528554719""",,Legendary,Hunter Cloak,ikora,Hunter,1791,,2,Hunter(1792),false,false,4,12,,0,0,0,0,0,0,0,0,0,0,0,0,0,0,,,,Upgrade Armor*,,,,,,,,,,,
War Mantis Cloak,3437155610,"""6917529875504878498""",,Rare,Hunter Cloak,campaign,Hunter,1706,,5,Hunter(1792),false,false,2,4,,0,0,0,0,0,0,0,0,0,0,0,0,0,0,,,,Upgrade Armor*,,,,,,,,,,,
Cloak of Five Full Moons,391377141,"""6917529876522573723""",,Legendary,Hunter Cloak,legendaryengram,Hunter,1797,,3,Hunter(1792),false,false,4,13,,0,0,0,0,0,0,0,0,0,0,0,0,0,0,,,,Upgrade Armor*,,,,,,,,,,,
Warmind's Avatar Mask,648266032,"""6917529861430248943""",,Legendary,Helmet,rasputin,Hunter,1750,,6,Hunter(1792),false,true,5,19,,12,22,10,19,8,6,77,2,22,10,19,8,6,67,,"PvE, PvP, PvE",,Mobility Mod*,Ashes to Assets*,Ashes to Assets*,Ashes to Assets*,New Age Black Armory*,Upgrade Armor*,*,*,*,*,Hardened Basilisk Mask*,Seraph Sensor Array*
Shards of Galanor,691578979,"""6917529875498126686""",,Exotic,Gauntlets,,Hunter,1778,,6,Hunter(1792),true,true,2,4,,17,11,6,6,12,6,58,7,11,6,6,12,6,48,,"PvE, PvP",,Mobility Mod*,Firepower*,Grenade Kickstart*,Grenade Kickstart*,Crucible Vermillion*,Upgrade Armor*,*,*,*,*,Sharp Edges*,
Warmind's Avatar Vest,4116381015,"""6917529861430248157""",,Legendary,Chest Armor,rasputin,Hunter,1750,,7,Hunter(1792),false,true,5,19,,2,30,12,22,6,6,78,2,30,2,22,6,6,68,,"PvE, PvP, PvE, PvE",,Recovery Mod*,Unflinching Void Aim*,Void Reserves*,Void Reserves*,New Age Black Armory*,Upgrade Armor*,*,*,*,*,Hardened Basilisk Vest*,Seraph Sensor Array*
Warmind's Avatar Legguards,1940895219,"""6917529861430246946""",,Legendary,Leg Armor,rasputin,Hunter,1773,,7,Hunter(1792),false,true,5,19,,16,15,10,16,6,10,73,6,15,10,16,6,10,63,,"PvE, PvP, PvE, PvE",,Mobility Mod*,Innervation*,Recuperation*,Void Scavenger*,New Age Black Armory*,Upgrade Armor*,*,*,*,*,Hardened Basilisk Legguards*,Seraph Sensor Array*
Warmind's Avatar Cloak,1949733158,"""6917529861418811564""",,Legendary,Hunter Cloak,rasputin,Hunter,1783,,9,Hunter(1792),false,true,5,19,,10,0,0,0,0,0,10,0,0,0,0,0,0,0,,"PvE, PvP, PvE, PvE",,Mobility Mod*,Bomber*,Bomber*,Bomber*,New Age Black Armory*,Upgrade Armor*,Hardened Basilisk Cloak*,Seraph Sensor Array*,,,,
Fallen Sunstar,1849149215,"""6917529876101019424""",,Exotic,Helmet,lostsectors,Warlock,1802,,9,Warlock(1763),true,false,5,18,,15,7,19,14,8,8,71,15,7,9,14,8,8,61,,"PvE, PvP",,Recovery Mod*,Ashes to Assets*,Ashes to Assets*,Ashes to Assets*,Verdigris*,Upgrade Armor*,*,*,*,*,Ionic Conductor*,
Eye of Another World,3381022970,"""6917529102994475211""",,Exotic,Helmet,,Warlock,1793,,7,Warlock(1763),true,false,1,1,,6,16,14,12,2,12,62,6,6,14,12,2,12,52,,"Stasis, PvE, PvP",,Resilience Mod*,Ashes to Assets*,Ashes to Assets*,Ashes to Assets*,Erebos Glance*,Upgrade Armor*,*,*,*,*,Cerebral Uplink*,
Tangled Web Hood,4113317396,"""6917529875490984038""",,Legendary,Helmet,legendaryengram,Warlock,1800,,8,Warlock(1763),true,false,4,15,,2,13,27,10,14,2,68,2,13,17,10,14,2,58,,"PvE, Dungeon",,Recovery Mod*,Ashes to Assets*,Ashes to Assets*,Solar Siphon*,Precursor Vex Chrome*,Upgrade Armor*,*,*,*,*,Streetscholar Cover*,
Nezarec's Sin,3381022971,"""6917529867551083522""",,Exotic,Helmet,,Warlock,1797,,7,Warlock(1763),true,false,1,1,,2,3,37,2,28,2,74,2,3,27,2,28,2,64,,PvE,,Recovery Mod*,Void Siphon*,Void Siphon*,Ashes to Assets*,Erebos Glance*,Upgrade Armor*,*,*,*,*,Abyssal Extractors*,
Crown of Tempests,3381022969,"""6917529882194925223""",,Exotic,Helmet,,Warlock,1807,,2,Warlock(1763),false,false,1,1,,14,6,13,23,6,2,64,14,6,13,23,6,2,64,,,,Upgrade Armor*,*,*,*,*,Conduction Tines*,,,,,,
Thorium Holt Hood,1592984110,"""6917529882203289684""",,Legendary,Helmet,legendaryengram,Warlock,1800,,7,Warlock(1763),false,false,4,13,,2,7,27,23,2,2,63,2,7,17,23,2,2,53,,PvP,,Recovery Mod*,Kinetic Targeting*,Erebos Glance*,Upgrade Armor*,*,*,*,*,Streetscholar Cover*,,,
Winter's Guile,3844826443,"""6917529880500235920""",,Exotic,Gauntlets,,Warlock,1805,,1,Warlock(1763),false,false,1,1,,19,10,4,22,2,10,67,19,10,4,22,2,10,67,,,,Upgrade Armor*,*,*,*,*,Warlord's Sigil*,,,,,,
Thorium Holt Gloves,2618290591,"""6917529882141537991""",,Legendary,Gauntlets,legendaryengram,Warlock,1800,,2,Warlock(1763),true,false,4,13,,7,2,20,11,2,11,53,7,2,20,11,2,11,53,,,,Upgrade Armor*,*,*,*,*,,,,,,,
Getaway Artist,3084282676,"""6917529882168521533""",,Exotic,Gauntlets,,Warlock,1806,,7,Warlock(1763),true,false,2,6,,15,10,17,13,2,18,75,15,10,7,13,2,18,65,,PvP,,Recovery Mod*,Firepower*,Bolstering Detonation*,Grenade Kickstart*,Upgrade Armor*,*,*,*,*,Dynamic Duo*,,
Philomath Gloves,760584029,"""6917529882194926635""",,Legendary,Gauntlets,legendaryengram,Warlock,1805,,1,Warlock(1763),true,false,4,12,,6,12,6,22,2,2,50,6,12,6,22,2,2,50,,,,Upgrade Armor*,*,*,*,*,,,,,,,
Starfire Protocol,2082483156,"""6917529877419197811""",,Exotic,Chest Armor,,Warlock,1802,,8,Warlock(1763),true,false,1,1,,6,13,28,12,6,13,78,6,3,28,12,6,13,68,,"PvE, Dungeon",,Resilience Mod*,Void Reserves*,Unflinching Solar Aim*,Vanguard Metallic*,Upgrade Armor*,*,*,*,*,Fusion Harness*,,
Ego Talon IV,1390681142,"""6917529882280799909""",,Legendary,Chest Armor,ikora,Warlock,1806,,2,Warlock(1763),true,false,4,12,,6,9,10,25,2,2,54,6,9,10,25,2,2,54,,,,Upgrade Armor*,*,*,*,*,,,,,,,
Iron Companion Legs,1741360441,"""6917529880007409677""",,Legendary,Leg Armor,ironbanner,Warlock,1800,,6,Warlock(1763),false,false,5,19,,6,18,19,19,9,2,73,6,8,19,19,9,2,63,,PvP,,Resilience Mod*,Recuperation*,Better Already*,Upgrade Armor*,*,*,*,*,Iron Lord's Pride*,,,
The Stag,2177524718,"""6917529877014609618""",,Exotic,Helmet,,Warlock,1802,,8,Warlock(1763),true,true,1,2,,22,10,11,15,7,8,73,12,10,11,15,7,8,63,,PvP,,Mobility Mod*,Kinetic Targeting*,Ashes to Assets*,Ashes to Assets*,Erebos Glance*,Upgrade Armor*,*,*,*,*,Dearly Departed*,
Warmind's Avatar Gloves,1259550198,"""6917529860742032996""",,Legendary,Gauntlets,rasputin,Warlock,1793,,7,Warlock(1763),true,true,5,19,,2,32,10,16,6,10,76,2,22,10,16,6,10,66,,"Stasis, PvE, PvE, PvE, PvE, PvP, Dungeon, PvP, PvP",,Resilience Mod*,Firepower*,Void Dexterity*,Grenade Kickstart*,Erebos Glance*,Upgrade Armor*,*,*,*,*,Hardened Basilisk Wraps*,Seraph Sensor Array*
Warmind's Avatar Robes,2710316218,"""6917529860733447437""",,Legendary,Chest Armor,rasputin,Warlock,1799,,8,Warlock(1763),true,true,5,19,,2,40,2,12,10,9,75,2,30,2,12,10,9,65,,"Stasis, PvE, PvP, PvP, PvP, PvP",,Resilience Mod*,Unflinching Void Aim*,Unflinching Void Aim*,Harmonic Reserves*,Erebos Glance*,Upgrade Armor*,*,*,*,*,Hardened Basilisk Robe*,Seraph Sensor Array*
Iron Companion Legs,1741360441,"""6917529860798742807""",,Legendary,Leg Armor,ironbanner,Warlock,1797,,8,Warlock(1763),true,true,5,19,,12,12,17,15,8,8,72,2,12,17,15,8,8,62,,"Stasis, PvE, PvE, PvE, PvP, Dungeon, PvP, PvP",,Mobility Mod*,Recuperation*,Better Already*,Insulation*,Erebos Glance*,Upgrade Armor*,*,*,*,*,Hardened Basilisk Pants*,Iron Lord's Pride*
Hodiocentrist Bond,2581516944,"""6917529874236513473""",,Legendary,Warlock Bond,legendaryengram,Warlock,1803,,10,Warlock(1763),true,true,3,11,,12,2,2,2,2,2,22,0,0,0,0,0,0,0,,"Stasis, PvE, PvE, PvE, PvE, PvP, Dungeon, PvP, PvP, PvP",,Mobility Mod*,Bomber*,Bomber*,Utility Kickstart*,Erebos Glance*,Upgrade Armor*,Hardened Basilisk Bond*,,,,,
Tangled Web Helm,2483687741,"""6917529872871232497""",,Legendary,Helmet,legendaryengram,Titan,1800,,2,Titan(1812),false,false,4,15,,11,9,6,10,2,11,49,11,9,6,10,2,11,49,,,,Upgrade Armor*,*,*,*,*,,,,,,,
Mimetic Savior Helm,343027757,"""6917529872789378507""",,Legendary,Helmet,legendaryengram,Titan,1802,,1,Titan(1812),false,false,4,13,,6,16,2,19,6,2,51,6,16,2,19,6,2,51,,,,Upgrade Armor*,*,*,*,*,,,,,,,
An Insurmountable Skullfort,3216110440,"""6917529874262895340""",,Exotic,Helmet,,Titan,1801,,1,Titan(1812),true,false,1,1,,7,23,3,9,6,14,62,7,23,3,9,6,14,62,,,,Upgrade Armor*,*,*,*,*,Transfusion Matrix*,,,,,,
Prodigal Helm,2143887570,"""6917529873284817596""",,Legendary,Helmet,legendaryengram,Titan,1802,,1,Titan(1812),false,false,4,15,,2,19,9,18,7,2,57,2,19,9,18,7,2,57,,,,Upgrade Armor*,*,*,*,*,,,,,,,
Tangled Web Helm,2483687741,"""6917529873284818470""",,Legendary,Helmet,legendaryengram,Titan,1800,,5,Titan(1812),false,false,4,15,,2,2,22,11,14,2,53,2,2,22,11,14,2,53,,,,Upgrade Armor*,*,*,*,*,,,,,,,
Noble Constant Type 2,2066872758,"""6917529873288269996""",,Legendary,Helmet,ikora,Titan,1800,,1,Titan(1812),false,false,4,12,,14,2,10,13,2,12,53,14,2,10,13,2,12,53,,,,Upgrade Armor*,*,*,*,*,,,,,,,
Torobatl Celebration Mask,64566999,"""6917529873667825321""",,Legendary,Helmet,tangled,Titan,1799,,1,Titan(1812),false,false,4,12,,10,11,7,10,8,8,54,10,11,7,10,8,8,54,,,,Upgrade Armor*,*,*,*,*,,,,,,,
Devastation Complex,3434301337,"""6917529873639532486""",,Legendary,Helmet,legendaryengram,Titan,1800,,3,Titan(1812),false,false,4,15,,6,6,12,11,7,7,49,6,6,12,11,7,7,49,,,,Upgrade Armor*,*,*,*,*,,,,,,,
Insight Unyielding Helm,2112821379,"""6917529873724280683""",,Legendary,Helmet,legendaryengram,Titan,1800,,5,Titan(1812),false,false,3,11,,14,2,12,20,7,2,57,14,2,12,20,7,2,57,,,,Upgrade Armor*,*,*,*,*,,,,,,,
Mimetic Savior Gauntlets,995693468,"""6917529872887651988""",,Legendary,Gauntlets,legendaryengram,Titan,1797,,3,Titan(1812),false,false,4,13,,13,12,2,22,2,2,53,13,12,2,22,2,2,53,,,,Upgrade Armor*,*,*,*,*,,,,,,,
Unyielding Favor Gauntlets,428806571,"""6917529873269759209""",,Legendary,Gauntlets,seasonpass,Titan,1799,,2,Titan(1812),false,false,6,20,,2,22,8,12,19,2,65,2,22,8,12,19,2,65,,,,Upgrade Armor*,*,*,*,*,Queen's Favor*,,,,,,
Clutch Extol Gauntlets,2565829065,"""6917529873269757652""",,Legendary,Gauntlets,crucible,Titan,1797,,4,Titan(1812),false,false,5,16,,6,6,11,11,7,6,47,6,6,11,11,7,6,47,,,,Upgrade Armor*,*,*,*,*,,,,,,,
Kerak Type 2,4273043916,"""6917529873645348038""",,Legendary,Gauntlets,legendaryengram,Titan,1797,,3,Titan(1812),false,false,4,12,,7,16,2,11,7,8,51,7,16,2,11,7,8,51,,,,Upgrade Armor*,*,*,*,*,,,,,,,
Kerak Type 2,4273043916,"""6917529873724282138""",,Legendary,Gauntlets,legendaryengram,Titan,1800,,1,Titan(1812),false,false,4,12,,12,7,6,11,6,6,48,12,7,6,11,6,6,48,,,,Upgrade Armor*,*,*,*,*,,,,,,,
Unyielding Favor Gauntlets,428806571,"""6917529874955950694""",,Legendary,Gauntlets,seasonpass,Titan,1799,,3,Titan(1812),false,false,6,20,,9,15,7,13,8,12,64,9,15,7,13,8,12,64,,,,Upgrade Armor*,*,*,*,*,Queen's Favor*,,,,,,
Retro-Grade TG2,3809138207,"""6917529873667822378""",,Legendary,Gauntlets,legendaryengram,Titan,1798,,4,Titan(1812),false,false,4,15,,2,6,17,15,6,7,53,2,6,17,15,6,7,53,,,,Upgrade Armor*,*,*,*,*,,,,,,,
Kerak Type 2,4273043916,"""6917529873699323675""",,Legendary,Gauntlets,legendaryengram,Titan,1799,,1,Titan(1812),false,false,4,12,,7,11,7,15,6,8,54,7,11,7,15,6,8,54,,,,Upgrade Armor*,*,*,*,*,,,,,,,
Thunderhead Gauntlets,2317494560,"""6917529873711815730""",,Legendary,Gauntlets,neomuna,Titan,1801,,2,Titan(1812),false,false,6,20,,17,6,6,10,2,13,54,17,6,6,10,2,13,54,,,,Upgrade Armor*,*,*,*,*,,,,,,,
Mimetic Savior Plate,3314301316,"""6917529872837473858""",,Legendary,Chest Armor,legendaryengram,Titan,1798,,3,Titan(1812),false,false,4,13,,2,24,2,17,2,9,56,2,24,2,17,2,9,56,,,,Upgrade Armor*,*,*,*,*,,,,,,,
Warmind's Avatar Chestplate,839296981,"""6917529859124589743""",,Legendary,Chest Armor,rasputin,Titan,1793,,9,Titan(1812),true,false,5,19,,2,30,2,25,10,6,75,2,30,2,15,10,6,65,,"Gamma, PvE",armorset:exoticboots,Discipline Mod*,Sniper Damage Resistance*,Void Reserves*,Void Reserves*,Blueshift Dreams*,Upgrade Armor*,*,*,*,*,Seraph Sensor Array*,
Prodigal Cuirass,1981473429,"""6917529873753079143""",,Legendary,Chest Armor,legendaryengram,Titan,1801,,2,Titan(1812),false,false,4,15,,2,12,13,10,8,7,52,2,12,13,10,8,7,52,,,,Upgrade Armor*,*,*,*,*,,,,,,,
Terra Concord Plate,362404956,"""6917529872871234540""",,Legendary,Chest Armor,legendaryengram,Titan,1799,,2,Titan(1812),false,false,3,11,,12,7,6,14,6,6,51,12,7,6,14,6,6,51,,,,Upgrade Armor*,*,*,*,*,,,,,,,
Unyielding Favor Plate,3312368357,"""6917529872863664006""",,Legendary,Chest Armor,seasonpass,Titan,1800,,1,Titan(1812),false,false,6,20,,6,17,2,13,6,6,50,6,17,2,13,6,6,50,,,,Upgrade Armor*,*,*,*,*,Queen's Favor*,,,,,,
Retro-Grade TG2,331602521,"""6917529873645348760""",,Legendary,Chest Armor,legendaryengram,Titan,1797,,2,Titan(1812),false,false,4,15,,2,2,22,20,8,2,56,2,2,22,20,8,2,56,,,,Upgrade Armor*,*,*,*,*,,,,,,,
Prodigal Cuirass,1981473429,"""6917529873732544133""",,Legendary,Chest Armor,legendaryengram,Titan,1799,,3,Titan(1812),false,false,4,15,,23,2,2,10,12,2,51,23,2,2,10,12,2,51,,,,Upgrade Armor*,*,*,*,*,,,,,,,
Noble Constant Type 2,4258405681,"""6917529873660069198""",,Legendary,Chest Armor,ikora,Titan,1799,,1,Titan(1812),false,false,4,12,,7,8,11,13,2,12,53,7,8,11,13,2,12,53,,,,Upgrade Armor*,*,*,*,*,,,,,,,
Hallowfire Heart,1192890598,"""6917529875913325256""",,Exotic,Chest Armor,,Titan,1802,,3,Titan(1812),true,false,1,1,,15,3,18,18,6,9,69,15,3,18,18,6,9,69,,,,Upgrade Armor*,*,*,*,*,Sunfire Furnace*,,,,,,
Tangled Web Greaves,2016409302,"""6917529872859044366""",,Legendary,Leg Armor,legendaryengram,Titan,1799,,4,Titan(1812),false,false,4,15,,11,2,12,11,6,7,49,11,2,12,11,6,7,49,,,,Upgrade Armor*,*,*,*,*,,,,,,,
Mimetic Savior Greaves,4293588774,"""6917529872871235841""",,Legendary,Leg Armor,legendaryengram,Titan,1797,,4,Titan(1812),false,false,4,13,,2,13,13,13,7,6,54,2,13,13,13,7,6,54,,,,Upgrade Armor*,*,*,*,*,,,,,,,
Tangled Web Greaves,2016409302,"""6917529873620531187""",,Legendary,Leg Armor,legendaryengram,Titan,1799,,3,Titan(1812),false,false,4,15,,6,10,8,11,2,17,54,6,10,8,11,2,17,54,,,,Upgrade Armor*,*,*,*,*,,,,,,,
Thunderhead Greaves,1012434138,"""6917529873699329353""",,Legendary,Leg Armor,neomuna,Titan,1803,,1,Titan(1812),false,false,6,20,,14,13,2,14,16,2,61,14,13,2,14,16,2,61,,,,Upgrade Armor*,*,*,*,*,,,,,,,
Warmind's Avatar Legplates,4270910189,"""6917529858530172005""",,Legendary,Leg Armor,rasputin,Titan,1797,,9,Titan(1812),true,false,5,19,,6,32,6,10,10,10,74,6,22,6,10,10,10,64,,Vanguard,,Resilience Mod*,Innervation*,Recuperation*,Void Weapon Surge*,Upgrade Armor*,*,*,*,*,Seraph Sensor Array*,,
Devastation Complex,3264721770,"""6917529873674293796""",,Legendary,Leg Armor,legendaryengram,Titan,1800,,1,Titan(1812),false,false,4,15,,11,12,2,11,2,12,50,11,12,2,11,2,12,50,,,,Upgrade Armor*,*,*,*,*,,,,,,,
Tangled Web Greaves,2016409302,"""6917529873753076282""",,Legendary,Leg Armor,legendaryengram,Titan,1801,,4,Titan(1812),false,false,4,15,,23,2,2,12,6,7,52,23,2,2,12,6,7,52,,,,Upgrade Armor*,*,*,*,*,,,,,,,
Terra Concord Greaves,1063507982,"""6917529873753077223""",,Legendary,Leg Armor,legendaryengram,Titan,1803,,2,Titan(1812),false,false,3,11,,12,2,13,10,8,7,52,12,2,13,10,8,7,52,,,,Upgrade Armor*,*,*,*,*,,,,,,,
Terra Concord Mark,1648238545,"""6917529872798525717""",,Legendary,Titan Mark,legendaryengram,Titan,1802,,2,Titan(1812),false,false,3,11,,0,0,0,0,0,0,0,0,0,0,0,0,0,0,,,,Upgrade Armor*,,,,,,,,,,,
Terra Concord Helm,881579413,"""6917529865059343304""",,Legendary,Helmet,legendaryengram,Titan,1796,,10,Titan(1812),true,true,3,11,,4,34,4,24,8,4,78,2,22,2,22,6,2,56,,"Vanguard, PvE, Gamma, Vanguard, PvE, Crucible",armorset:exoticchest armorset:exoticboots,Resilience Mod*,Harmonic Siphon*,Ashes to Assets*,Ashes to Assets*,Verdigris*,Upgrade Armor*,*,*,*,*,Hardened Basilisk Helm*,
Warmind's Avatar Gauntlets,1525902715,"""6917529864189139034""",,Legendary,Gauntlets,rasputin,Titan,1800,,10,Titan(1812),true,true,5,19,,8,36,4,24,11,4,87,6,24,2,22,9,2,65,,"Vanguard, PvE, Vanguard, PvE, Crucible",armorset:exoticchest,Resilience Mod*,Firepower*,Harmonic Loader*,Grenade Kickstart*,Atmospheric Glow*,Upgrade Armor*,*,*,*,*,Hardened Basilisk Gauntlets*,Seraph Sensor Array*
Armamentarium,3874247549,"""6917529856932637459""",,Exotic,Chest Armor,,Titan,1795,,9,Titan(1812),true,true,1,3,,22,14,3,18,9,6,72,22,4,3,18,9,6,62,,"Arc crucible, arc gambit, Arc PVE, Vanguard, PvE, Vanguard, Crucible",armorset:exoticchest,Resilience Mod*,Concussive Dampener*,Verdigris*,Upgrade Armor*,*,*,*,*,And Another Thing*,,,
Lightkin Greaves,3973929105,"""6917529856329451380""",,Legendary,Leg Armor,servitor,Titan,1796,,8,Titan(1812),true,true,4,14,,2,7,30,14,2,12,67,2,7,20,14,2,12,57,,"PvE, Vanguard, Crucible",armorset:exoticchest,Recovery Mod*,Recuperation*,Better Already*,Innervation*,Atmospheric Glow*,Upgrade Armor*,*,*,*,*,Hardened Basilisk Legplates*,
Mark of the Unassailable,3207244009,"""6917529855717166038""",,Legendary,Titan Mark,legendaryengram,Titan,1800,,10,Titan(1812),true,true,4,12,,2,12,2,2,2,2,22,0,0,0,0,0,0,0,,"Arc crucible, arc gambit, Arc PVE, Vanguard, PvE, Gamma, Vanguard, PvE, Crucible",,Resilience Mod*,Bomber*,Bomber*,Bomber*,Verdigris*,Upgrade Armor*,Hardened Basilisk Mark*,,,,,
Mask of Optimacy,3856371784,"""6917529096292674090""",,Legendary,Helmet,eververse,Hunter,1600,1060,,Vault,false,false,2,7,,20,10,0,10,5,5,50,20,0,0,10,5,5,40,,,,Mobile Hunter Armor*,Plasteel Reinforcement Mod*,Restorative Mod,Tier 1 Armor*,Hand Cannon Targeting*,Light Reactor,Rocket Launcher Reserves*,Sword Reserves,Empty Activity Mod Socket*,,,
Righteous Mark,445618861,"""6917529872205622920""",,Legendary,Titan Mark,,Titan,1600,1260,1,Vault,false,false,3,9,,0,0,0,0,0,0,0,0,0,0,0,0,0,0,,,,Upgrade Armor*,,,,,,,,,,,
Simulator Gauntlets,3762717334,"""6917529870685822480""",,Legendary,Gauntlets,fwc,Titan,1600,,1,Vault,false,false,3,10,,15,14,2,20,9,2,62,15,14,2,20,9,2,62,,,,Upgrade Armor*,*,*,*,*,,,,,,,
Warmind's Avatar Helm,1059446290,"""6917529861496328526""",,Legendary,Helmet,rasputin,Titan,1600,,3,Vault,true,false,5,19,,2,30,2,2,10,22,68,2,30,2,2,10,22,68,,,,Upgrade Armor*,*,*,*,*,Seraph Sensor Array*,,,,,,
Prodigal Helm,2143887570,"""6917529856324659969""",,Legendary,Helmet,legendaryengram,Titan,1600,,1,Vault,true,false,4,15,,6,7,13,23,2,6,57,6,7,13,23,2,6,57,,,,Upgrade Armor*,*,*,*,*,,,,,,,
Devastation Complex,2906086416,"""6917529867242076220""",,Legendary,Gauntlets,legendaryengram,Titan,1600,,5,Vault,true,false,4,15,,2,13,10,21,2,7,55,2,13,10,21,2,7,55,,,,Upgrade Armor*,*,*,*,*,,,,,,,
Prodigal Mark,678964968,"""6917529872128732069""",,Legendary,Titan Mark,legendaryengram,Titan,1794,,1,Vault,false,false,4,15,,0,0,0,0,0,0,0,0,0,0,0,0,0,0,,,,Upgrade Armor*,,,,,,,,,,,
Mantle of Battle Harmony,3301944824,"""6917529879355675834""",,Exotic,Chest Armor,lostsectors,Warlock,1803,,4,Vault,true,false,4,13,,8,26,7,14,16,2,73,8,16,7,14,16,2,63,,,,Resilience Mod*,Upgrade Armor*,*,*,*,*,Absorption Cells*,,,,,
Tangled Web Bond,3699156618,"""6917529880938299968""",,Legendary,Warlock Bond,legendaryengram,Warlock,1805,,2,Vault,true,false,4,15,,0,0,0,0,0,0,0,0,0,0,0,0,0,0,,,,Upgrade Armor*,,,,,,,,,,,
Terra Concord Greaves,1063507982,"""6917529856866335742""",,Legendary,Leg Armor,legendaryengram,Titan,1600,,1,Vault,true,false,3,11,,2,23,2,7,2,17,53,2,23,2,7,2,17,53,,,,Upgrade Armor*,*,*,*,*,,,,,,,
Kabr's Brazen Grips,3368765451,"""6917529861511606324""",,Legendary,Gauntlets,vaultofglass,Titan,1600,,2,Vault,true,false,4,14,,2,24,7,7,21,2,63,2,24,7,7,21,2,63,vaultofglass,,,Upgrade Armor*,*,*,*,*,,,,,,,
Reverie Dawn Gauntlets,1478378067,"""6917529853382303097""",,Legendary,Gauntlets,dreaming,Titan,1600,,8,Vault,false,false,4,13,,6,16,9,16,6,10,63,6,16,9,16,6,10,63,,,,Upgrade Armor*,*,*,*,*,,,,,,,
Unyielding Favor Gauntlets,428806571,"""6917529870271564146""",,Legendary,Gauntlets,seasonpass,Titan,1771,,2,Vault,true,false,6,20,,12,10,7,24,2,2,57,12,10,7,24,2,2,57,,,,Upgrade Armor*,*,*,*,*,Queen's Favor*,,,,,,
Unyielding Favor Hood,3056490591,"""6917529880472403480""",,Legendary,Helmet,seasonpass,Warlock,1805,,3,Vault,true,false,6,20,,2,14,15,10,21,2,64,2,14,15,10,21,2,64,,,,Upgrade Armor*,*,*,*,*,Queen's Favor*,,,,,,
Prodigal Steps,4053460984,"""6917529880426186489""",,Legendary,Leg Armor,legendaryengram,Warlock,1806,,5,Vault,true,false,4,15,,6,11,6,11,2,13,49,6,11,6,11,2,13,49,,,,Upgrade Armor*,*,*,*,*,,,,,,,
Kerak Type 2,1091190365,"""6917529870281770850""",,Legendary,Helmet,legendaryengram,Titan,1777,,3,Vault,false,false,4,12,,2,22,6,23,2,2,57,2,22,6,23,2,2,57,,,,Upgrade Armor*,*,*,*,*,,,,,,,
Scorned Baron Plate,3214769810,"""6917529856576773633""",,Legendary,Chest Armor,tangled,Titan,1600,,7,Vault,false,false,4,12,,6,12,8,18,7,2,53,6,12,8,18,7,2,53,,,,Upgrade Armor*,*,*,*,*,,,,,,,
Viperidax Plate,1740888860,"""6917529870264669378""",,Legendary,Chest Armor,drifter,Titan,1774,,1,Vault,true,false,5,16,,2,11,13,21,6,2,55,2,11,13,21,6,2,55,,,,Upgrade Armor*,*,*,*,*,,,,,,,
Retro-Grade TG2,2730285281,"""6917529868892615366""",,Legendary,Leg Armor,legendaryengram,Titan,1600,,2,Vault,true,false,4,15,,7,12,6,23,2,2,52,7,12,6,23,2,2,52,,,,Upgrade Armor*,*,*,*,*,,,,,,,
Retro-Grade TG2,331602521,"""6917529859058217935""",,Legendary,Chest Armor,legendaryengram,Titan,1600,,3,Vault,true,false,4,15,,2,24,2,7,10,8,53,2,24,2,7,10,8,53,,,,Upgrade Armor*,*,*,*,*,,,,,,,
Tangled Web Helm,2483687741,"""6917529869192844299""",,Legendary,Helmet,legendaryengram,Titan,1600,,1,Vault,true,false,4,15,,6,15,7,20,2,7,57,6,15,7,20,2,7,57,,,,Upgrade Armor*,*,*,*,*,,,,,,,
High-Minded Complex,3689406239,"""6917529874964428690""",,Legendary,Leg Armor,legendaryengram,Warlock,1798,,7,Vault,true,false,4,15,,6,22,6,19,9,2,64,6,12,6,19,9,2,54,,PvE,,Resilience Mod*,Recuperation*,Better Already*,Innervation*,Upgrade Armor*,*,*,*,*,,,
Mimetic Savior Helm,343027757,"""6917529865994585791""",,Legendary,Helmet,legendaryengram,Titan,1600,,2,Vault,true,false,4,13,,7,12,6,22,2,2,51,7,12,6,22,2,2,51,,,,Upgrade Armor*,*,*,*,*,,,,,,,
Synthoceps,241462142,"""6917529858168276122""",,Exotic,Gauntlets,,Titan,1770,,7,Vault,true,false,1,1,,10,11,3,16,6,12,58,10,11,3,6,6,12,48,,,,Discipline Mod*,Firepower*,Impact Induction*,Impact Induction*,Upgrade Armor*,*,*,*,*,Biotic Enhancements*,,
Tangled Web Greaves,2016409302,"""6917529854432039922""",,Legendary,Leg Armor,legendaryengram,Titan,1600,,1,Vault,true,false,4,15,,6,6,13,22,2,2,51,6,6,13,22,2,2,51,,,,Upgrade Armor*,*,*,*,*,,,,,,,
Lunafaction Boots,4136768282,"""6917529874649211360""",,Exotic,Leg Armor,,Warlock,1790,,5,Vault,true,false,1,1,,12,3,17,16,6,6,60,12,3,17,16,6,6,60,,,,Upgrade Armor*,*,*,*,*,Alchemical Etchings*,,,,,,
Contraverse Hold,1906093346,"""6917529874664151004""",,Exotic,Gauntlets,,Warlock,1790,,1,Vault,true,false,2,4,,2,15,15,12,18,2,64,2,15,15,12,18,2,64,,,,Upgrade Armor*,*,*,*,*,Chaotic Exchanger*,,,,,,
Liar's Handshake,3295711091,"""6917529096993921464""",,Exotic,Gauntlets,,Hunter,1600,,,Vault,true,false,2,6,,30,0,0,5,5,10,50,20,0,0,5,5,10,40,,,,Cross Counter*,Mobility Enhancement Mod*,Plasteel Reinforcement Mod,Hand Cannon Loader*,Momentum Transfer,Enhanced Momentum Transfer,Grenade Launcher Scavenger*,Shotgun Scavenger,*,,,
Kerak Type 2,1091190365,"""6917529866443089428""",,Legendary,Helmet,legendaryengram,Titan,1600,,4,Vault,true,false,4,12,,6,16,6,20,2,7,57,6,16,6,20,2,7,57,,,,Upgrade Armor*,*,*,*,*,,,,,,,
Simulator Gauntlets,3762717334,"""6917529870635180263""",,Legendary,Gauntlets,fwc,Titan,1600,,1,Vault,false,false,3,10,,15,14,2,20,9,2,62,15,14,2,20,9,2,62,,,,Upgrade Armor*,*,*,*,*,,,,,,,
Karnstein Armlets,3844826440,"""6917529874772969746""",,Exotic,Gauntlets,,Warlock,1796,,1,Vault,true,false,1,1,,12,9,10,6,2,23,62,12,9,10,6,2,23,62,,,,Upgrade Armor*,*,*,*,*,Vampire's Caress*,,,,,,
Prodigal Mask,4104298449,"""6917529096748871217""",,Legendary,Helmet,legendaryengram,Hunter,1600,1060,,Vault,false,false,2,4,,20,0,10,10,5,5,50,20,0,0,10,5,5,40,,,,Mobile Hunter Armor*,Plasteel Reinforcement Mod,Restorative Mod*,Tier 2 Armor*,Auto Rifle Targeting*,Bow Targeting,Sword Reserves*,Machine Gun Reserves,,,,
Ego Talon IV,2612983587,"""6917529875012708335""",,Legendary,Helmet,ikora,Warlock,1800,,1,Vault,true,false,4,12,,14,12,2,19,2,8,57,14,12,2,19,2,8,57,,,,Upgrade Armor*,*,*,*,*,,,,,,,
Mimetic Savior Plate,3314301316,"""6917529872086419048""",,Legendary,Chest Armor,legendaryengram,Titan,1795,,1,Vault,false,false,4,13,,10,13,2,17,2,7,51,10,13,2,17,2,7,51,,,,Upgrade Armor*,*,*,*,*,,,,,,,
Insight Unyielding Gauntlets,3250360146,"""6917529871811604600""",,Legendary,Gauntlets,legendaryengram,Titan,1793,,1,Vault,false,false,3,11,,13,11,2,17,2,8,53,13,11,2,17,2,8,53,,,,Upgrade Armor*,*,*,*,*,,,,,,,
Aeon Swift,1656912113,"""6917529096346431894""",,Exotic,Gauntlets,,Hunter,1600,,,Vault,true,false,1,2,,20,5,5,5,5,10,50,10,5,5,5,5,10,40,,,,Sect of Force*,Mobility Enhancement Mod*,Plasteel Reinforcement Mod,Fastball,Impact Induction*,Special Ammo Finder,Rocket Launcher Scavenger*,*,,,,
Insight Vikti Hood,597618504,"""6917529874898296114""",,Legendary,Helmet,legendaryengram,Warlock,1801,,7,Vault,true,false,3,11,,6,24,7,19,2,6,64,6,14,7,19,2,6,54,,,,Resilience Mod*,Ashes to Assets*,Ashes to Assets*,Ashes to Assets*,Upgrade Armor*,*,*,*,*,,,
Abhorrent Imperative Vest,2320951982,"""6917529143279344253""",,Legendary,Chest Armor,,Hunter,1600,,1,Vault,false,false,3,10,,6,11,7,22,2,2,50,6,11,7,22,2,2,50,,,,Upgrade Armor*,*,*,*,*,,,,,,,
Unyielding Favor Grips,164103153,"""6917529875498126589""",,Legendary,Gauntlets,seasonpass,Hunter,1731,,3,Vault,false,false,6,20,,18,2,12,14,8,10,64,18,2,12,14,8,10,64,,,,Upgrade Armor*,*,*,*,*,Queen's Favor*,,,,,,
Iron Companion Vest,3419310182,"""6917529861827313818""",,Legendary,Chest Armor,ironbanner,Hunter,1600,,3,Vault,false,false,5,19,,18,6,6,20,2,10,62,18,6,6,20,2,10,62,,,,Upgrade Armor*,*,*,*,*,Iron Lord's Pride*,,,,,,
Ophidia Spathe,978537162,"""6917529861439343585""",,Exotic,Chest Armor,,Hunter,1600,,2,Vault,true,false,1,3,,14,11,11,9,8,14,67,14,11,11,9,8,14,67,,,,Upgrade Armor*,*,*,*,*,Scissor Fingers*,,,,,,
Prodigal Vest,1202993521,"""6917529861402026312""",,Legendary,Chest Armor,legendaryengram,Hunter,1600,,1,Vault,false,false,4,15,,6,19,2,10,16,2,55,6,19,2,10,16,2,55,,,,Upgrade Armor*,*,*,*,*,,,,,,,
Iron Companion Vest,3419310182,"""6917529861461832813""",,Legendary,Chest Armor,ironbanner,Hunter,1600,,3,Vault,false,false,5,19,,6,13,11,20,8,2,60,6,13,11,20,8,2,60,,,,Upgrade Armor*,*,*,*,*,Iron Lord's Pride*,,,,,,
Unyielding Favor Hood,3056490591,"""6917529874987841859""",,Legendary,Helmet,seasonpass,Warlock,1800,,5,Vault,true,false,6,20,,17,13,2,21,2,9,64,17,13,2,21,2,9,64,,,,Upgrade Armor*,*,*,*,*,Queen's Favor*,,,,,,
Wing Contender,1084033161,"""6917529096511879383""",,Legendary,Leg Armor,crucible,Hunter,1600,1060,,Vault,false,false,2,4,,30,0,0,10,5,5,50,20,0,0,10,5,5,40,,,,Mobile Hunter Armor*,Mobility Enhancement Mod*,Restorative Mod,Tier 1 Armor*,Crucible Legacy*,Outreach*,Machine Gun Dexterity,Arrow Scavenger,Sidearm Scavenger*,,,
Prodigal Strides,3397835010,"""6917529096903953477""",,Legendary,Leg Armor,legendaryengram,Hunter,1600,1060,,Vault,false,false,2,4,,10,10,10,5,5,5,45,0,10,10,5,5,5,35,,,,Survivalist Hunter Armor*,Mobility Enhancement Mod*,Restorative Mod,Tier 2 Armor*,Bomber*,Light Arms Dexterity,Pulse Rifle Scavenger*,Special Ammo Finder,,,,
Prodigal Strides,3397835010,"""6917529096912079970""",,Legendary,Leg Armor,legendaryengram,Hunter,1600,1060,,Vault,false,false,2,4,,10,10,10,5,5,5,45,0,10,10,5,5,5,35,,,,Survivalist Hunter Armor*,Mobility Enhancement Mod*,Restorative Mod,Tier 1 Armor*,Submachine Gun Dexterity*,Bomber,Auto Rifle Scavenger*,Primary Ammo Finder,,,,
Wing Contender,1084033161,"""6917529096993914047""",,Legendary,Leg Armor,crucible,Hunter,1600,1060,,Vault,false,false,2,4,,10,10,10,5,5,5,45,0,10,10,5,5,5,35,,,,Survivalist Hunter Armor*,Mobility Enhancement Mod*,Restorative Mod,Tier 1 Armor*,Crucible Legacy*,Outreach*,Machine Gun Dexterity,Sidearm Scavenger*,Submachine Gun Scavenger,,,
Prodigal Strides,3397835010,"""6917529096759049529""",,Legendary,Leg Armor,legendaryengram,Hunter,1600,1060,,Vault,false,false,2,4,,0,10,20,5,5,5,45,0,10,10,5,5,5,35,,,,Survivalist Hunter Armor*,Mobility Enhancement Mod,Restorative Mod*,Tier 1 Armor*,Fusion Rifle Dexterity,Dynamo*,Auto Rifle Scavenger,Special Ammo Finder*,,,,
Scatterhorn Strides,2563857333,"""6917529097099540708""",,Legendary,Leg Armor,tangled,Hunter,1600,1060,,Vault,false,false,2,4,,30,0,0,10,5,5,50,20,0,0,10,5,5,40,,,,Mobile Hunter Armor*,Mobility Enhancement Mod*,Plasteel Reinforcement Mod,Tier 1 Armor*,Tangled Rust*,Linear Fusion Dexterity*,Shotgun Dexterity,Scout Rifle Scavenger*,Sidearm Scavenger,,,
Wing Contender,1069887756,"""6917529096432242135""",,Legendary,Hunter Cloak,crucible,Hunter,1600,1060,,Vault,false,false,2,4,,0,0,0,0,0,0,0,0,0,0,0,0,0,0,,,,Tier 1 Armor*,Crucible Legacy*,Better Already,Innervation*,Rocket Launcher Scavenger,Grenade Launcher Reserves*,,,,,,
Scatterhorn Cloak,2757593792,"""6917529096756813246""",,Legendary,Hunter Cloak,tangled,Hunter,1600,1060,,Vault,false,false,2,4,,0,0,0,0,0,0,0,0,0,0,0,0,0,0,,,,Tier 2 Armor*,Tangled Rust*,Recuperation*,Submachine Gun Scavenger*,,,,,,,,
Tangled Web Cloak,25091086,"""6917529096859899516""",,Legendary,Hunter Cloak,legendaryengram,Hunter,1600,1060,,Vault,false,false,2,4,,0,0,0,0,0,0,0,0,0,0,0,0,0,0,,,,Tier 1 Armor*,Insulation*,Rocket Launcher Reserves*,,,,,,,,,
Tangled Web Cloak,25091086,"""6917529096903952176""",,Legendary,Hunter Cloak,legendaryengram,Hunter,1600,1060,,Vault,false,false,2,4,,0,0,0,0,0,0,0,0,0,0,0,0,0,0,,,,Tier 3 Armor*,Innervation*,Arrow Scavenger*,,,,,,,,,
Prodigal Cloak,1693706589,"""6917529096984785535""",,Legendary,Hunter Cloak,legendaryengram,Hunter,1600,1060,,Vault,false,false,2,4,,0,0,0,0,0,0,0,0,0,0,0,0,0,0,,,,Tier 1 Armor*,Insulation*,Auto Rifle Reserves*,,,,,,,,,
Wing Contender,1069887756,"""6917529096989302929""",,Legendary,Hunter Cloak,crucible,Hunter,1600,1060,,Vault,false,false,2,4,,0,0,0,0,0,0,0,0,0,0,0,0,0,0,,,,Tier 2 Armor*,Crucible Legacy*,Better Already,Recuperation*,Rocket Launcher Scavenger,Submachine Gun Reserves*,,,,,,
Cloak of Optimacy,2628779086,"""6917529096494572362""",,Legendary,Hunter Cloak,eververse,Hunter,1600,1060,,Vault,false,false,2,7,,0,0,0,0,0,0,0,0,0,0,0,0,0,0,,,,Tier 2 Armor*,Innervation,Invigoration,Recuperation*,Submachine Gun Reserves,Pulse Rifle Scavenger,Fusion Rifle Scavenger*,Empty Activity Mod Socket*,,,,
Wing Contender,1069887756,"""6917529096765673694""",,Legendary,Hunter Cloak,crucible,Hunter,1600,1060,,Vault,false,false,2,4,,0,0,0,0,0,0,0,0,0,0,0,0,0,0,,,,Tier 1 Armor*,Crucible Legacy*,Better Already,Innervation*,Rocket Launcher Scavenger,Hand Cannon Scavenger*,,,,,,
Mimetic Savior Helm,343027757,"""6917529854997347061""",,Legendary,Helmet,legendaryengram,Titan,1600,,2,Vault,true,false,4,13,,10,14,2,2,23,2,53,10,14,2,2,23,2,53,,,,Upgrade Armor*,*,*,*,*,,,,,,,
Terra Concord Greaves,1063507982,"""6917529856854073268""",,Legendary,Leg Armor,legendaryengram,Titan,1600,,4,Vault,true,false,3,11,,6,19,2,19,7,2,55,6,19,2,19,7,2,55,,,,Upgrade Armor*,*,*,*,*,,,,,,,
Sanguine Alchemy,3070555693,"""6917529875435684271""",,Exotic,Chest Armor,,Warlock,1802,,7,Vault,true,false,1,3,,17,3,23,13,18,2,76,17,3,13,13,18,2,66,,,,Recovery Mod*,Concussive Dampener*,Upgrade Armor*,*,*,*,*,Blood Magic*,,,,
Terra Concord Helm,881579413,"""6917529871818556576""",,Legendary,Helmet,legendaryengram,Titan,1792,,2,Vault,false,false,3,11,,2,17,7,13,14,2,55,2,17,7,13,14,2,55,,,,Upgrade Armor*,*,*,*,*,,,,,,,
One-Eyed Mask,2578771006,"""6917529856623882506""",,Exotic,Helmet,,Titan,1600,,5,Vault,true,false,2,4,,6,17,13,6,6,10,58,6,7,13,6,6,10,48,,,,Resilience Mod*,Ashes to Assets*,Warbrick*,Upgrade Armor*,*,*,*,*,Vengeance*,,,
Retro-Grade TG2,3809138207,"""6917529872733333846""",,Legendary,Gauntlets,legendaryengram,Titan,1794,,5,Vault,false,false,4,15,,8,2,16,12,7,7,52,8,2,16,12,7,7,52,,,,Upgrade Armor*,*,*,*,*,,,,,,,
Praefectus Gauntlets,3350504921,"""6917529872746366535""",,Legendary,Gauntlets,seasonpass,Titan,1795,,2,Vault,false,false,4,13,,26,2,2,23,2,7,62,26,2,2,23,2,7,62,,,,Upgrade Armor*,*,*,*,*,,,,,,,
Scatterhorn Plate,3340244240,"""6917529872746366498""",,Legendary,Chest Armor,tangled,Titan,1794,,1,Vault,false,false,4,14,,2,13,16,26,2,6,65,2,13,16,26,2,6,65,,,,Tangled Rust*,Upgrade Armor*,*,*,*,*,,,,,,
Unyielding Favor Boots,2549387168,"""6917529878460792662""",,Legendary,Leg Armor,seasonpass,Warlock,1804,,2,Vault,true,false,6,20,,7,6,10,16,2,6,47,7,6,10,16,2,6,47,,,,Upgrade Armor*,*,*,*,*,Queen's Favor*,,,,,,
Kerak Type 2,4273043916,"""6917529867462486595""",,Legendary,Gauntlets,legendaryengram,Titan,1600,,1,Vault,true,false,4,12,,2,22,2,17,6,2,51,2,22,2,17,6,2,51,,,,Upgrade Armor*,*,*,*,*,,,,,,,
Lion Rampant,3539357318,"""6917529870626515609""",,Exotic,Leg Armor,,Titan,1774,,3,Vault,true,false,1,1,,22,8,2,11,14,6,63,22,8,2,11,14,6,63,,,,Upgrade Armor*,*,*,*,*,Jump Jets*,,,,,,
Shadow Specter,402937789,"""6917529861418806008""",,Rare,Helmet,campaign,Hunter,1600,,5,Vault,false,false,2,4,,10,12,2,6,10,6,46,10,12,2,6,10,6,46,,,,Upgrade Armor*,*,*,*,*,,,,,,,
Terra Concord Plate,362404956,"""6917529873667826968""",,Legendary,Chest Armor,legendaryengram,Titan,1798,,1,Vault,false,false,3,11,,13,2,12,16,8,2,53,13,2,12,16,8,2,53,,,,Upgrade Armor*,*,*,*,*,,,,,,,
Tangled Web Boots,3656418415,"""6917529880850972247""",,Legendary,Leg Armor,legendaryengram,Warlock,1807,,2,Vault,true,false,4,15,,6,17,2,11,6,7,49,6,17,2,11,6,7,49,,,,Upgrade Armor*,*,*,*,*,,,,,,,
Tangled Web Greaves,2016409302,"""6917529870228545210""",,Legendary,Leg Armor,legendaryengram,Titan,1769,,4,Vault,true,false,4,15,,2,23,2,20,6,2,55,2,23,2,20,6,2,55,,,,Upgrade Armor*,*,*,*,*,,,,,,,
Prodigal Steps,4053460984,"""6917529880945808675""",,Legendary,Leg Armor,legendaryengram,Warlock,1805,,1,Vault,true,false,4,15,,11,2,11,11,15,2,52,11,2,11,11,15,2,52,,,,Upgrade Armor*,*,*,*,*,,,,,,,
Wings of Sacred Dawn,370930766,"""6917529877749447144""",,Exotic,Chest Armor,,Warlock,1800,,3,Vault,true,false,1,1,,11,12,10,16,2,16,67,11,12,10,16,2,16,67,,,,Upgrade Armor*,*,*,*,*,Tome of Dawn*,,,,,,
Kerak Type 2,1091190365,"""6917529866814482391""",,Legendary,Helmet,legendaryengram,Titan,1600,,1,Vault,true,false,4,12,,6,16,6,24,2,2,56,6,16,6,24,2,2,56,,,,Upgrade Armor*,*,*,*,*,,,,,,,
Lucky Raspberry,903984858,"""6917529877801276024""",,Exotic,Chest Armor,,Hunter,1800,,1,Vault,false,false,1,1,,14,8,13,21,10,2,68,14,8,13,21,10,2,68,,,,Upgrade Armor*,*,*,*,*,Probability Matrix*,,,,,,
Moonfang-X7 Chassis,1571337215,"""6917529859124590927""",,Legendary,Chest Armor,dungeon,Titan,1600,,3,Vault,true,false,3,11,,2,20,7,11,10,9,59,2,20,7,11,10,9,59,,,,Upgrade Armor*,*,*,*,*,,,,,,,
Peregrine Greaves,2255796155,"""6917529858544340991""",,Exotic,Leg Armor,,Titan,1600,,3,Vault,true,false,2,7,,9,13,12,8,2,19,63,9,13,12,8,2,19,63,,,,Upgrade Armor*,*,*,*,*,Peregrine Strike*,,,,,,
Be Thy Cipher,775812602,"""6917529882194928785""",,Legendary,Warlock Bond,legendaryengram,Warlock,1807,,1,Vault,true,false,4,15,,0,0,0,0,0,0,0,0,0,0,0,0,0,0,,,,Upgrade Armor*,,,,,,,,,,,
Crest of Alpha Lupi,1591207519,"""6917529877782167984""",,Exotic,Chest Armor,,Titan,1800,,1,Vault,true,false,1,1,,3,17,11,2,21,10,64,3,17,11,2,21,10,64,,,,Upgrade Armor*,*,*,*,*,Survival Well*,,,,,,
Tangled Web Helm,2483687741,"""6917529870225044812""",,Legendary,Helmet,legendaryengram,Titan,1768,,4,Vault,false,false,4,15,,12,2,11,19,6,2,52,12,2,11,19,6,2,52,,,,Upgrade Armor*,*,*,*,*,,,,,,,
Iron Companion Legs,1741360441,"""6917529861354356229""",,Legendary,Leg Armor,ironbanner,Warlock,1600,,1,Vault,true,false,5,19,,6,12,16,8,7,16,65,6,12,16,8,7,16,65,,,,Upgrade Armor*,*,*,*,*,Iron Lord's Pride*,,,,,,
Unyielding Favor Helmet,1089162050,"""6917529870828445781""",,Legendary,Helmet,seasonpass,Titan,1778,,2,Vault,false,false,6,20,,2,7,18,7,7,11,52,2,7,18,7,7,11,52,,,,Upgrade Armor*,*,*,*,*,Queen's Favor*,,,,,,
Mimetic Savior Helm,343027757,"""6917529869799463199""",,Legendary,Helmet,legendaryengram,Titan,1750,,4,Vault,false,false,4,13,,10,7,6,10,8,10,51,10,7,6,10,8,10,51,,,,Upgrade Armor*,*,*,*,*,,,,,,,
Crystocrene Boots,1577514344,"""6917529874218402581""",,Legendary,Leg Armor,europa,Warlock,1758,,3,Vault,true,false,4,12,,6,2,22,19,6,2,57,6,2,22,19,6,2,57,,,,Upgrade Armor*,*,*,*,*,,,,,,,
Devastation Complex,385985080,"""6917529872848489980""",,Legendary,Chest Armor,legendaryengram,Titan,1797,,3,Vault,false,false,4,15,,2,17,10,11,7,7,54,2,17,10,11,7,7,54,,,,Upgrade Armor*,*,*,*,*,,,,,,,
Insight Unyielding Helm,2112821379,"""6917529865799591513""",,Legendary,Helmet,legendaryengram,Titan,1600,,3,Vault,true,false,3,11,,2,27,2,10,2,16,59,2,27,2,10,2,16,59,,,,Upgrade Armor*,*,*,*,*,,,,,,,
Prodigal Helm,2143887570,"""6917529869811916788""",,Legendary,Helmet,legendaryengram,Titan,1750,,2,Vault,false,false,4,15,,6,17,2,18,2,6,51,6,17,2,18,2,6,51,,,,Upgrade Armor*,*,*,*,*,,,,,,,
Warmind's Avatar Vambraces,446049665,"""6917529861430244065""",,Legendary,Gauntlets,rasputin,Hunter,1600,,3,Vault,false,false,5,19,,6,15,10,14,6,11,62,6,15,10,14,6,11,62,,,,Upgrade Armor*,*,*,*,*,Seraph Sensor Array*,,,,,,
Gwisin Vest,1474735276,"""6917529141185720574""",,Exotic,Chest Armor,,Hunter,1600,,5,Vault,true,false,2,4,,20,7,2,14,7,7,57,20,7,2,14,7,7,57,,,,Upgrade Armor*,*,*,*,*,Roving Assassin*,,,,,,
Prodigal Strides,3397835010,"""6917529097039481398""",,Legendary,Leg Armor,legendaryengram,Hunter,1600,1060,,Vault,false,false,2,4,,20,10,0,5,10,5,50,10,10,0,5,10,5,40,,,,Heavy Hunter Armor*,Mobility Enhancement Mod*,Restorative Mod,Tier 1 Armor*,Grenade Launcher Dexterity*,Scout Rifle Dexterity,Auto Rifle Scavenger*,Pulse Rifle Scavenger,,,,
Prodigal Strides,3397835010,"""6917529097099538350""",,Legendary,Leg Armor,legendaryengram,Hunter,1600,1060,,Vault,false,false,2,4,,10,10,10,5,5,5,45,0,10,10,5,5,5,35,,,,Survivalist Hunter Armor*,Mobility Enhancement Mod*,Restorative Mod,Tier 2 Armor*,Submachine Gun Dexterity*,Bomber,Arrow Scavenger*,Special Ammo Finder,,,,
Prodigal Strides,3397835010,"""6917529097101630414""",,Legendary,Leg Armor,legendaryengram,Hunter,1600,1060,,Vault,false,false,2,4,,15,10,10,5,5,5,50,0,10,10,5,5,5,35,,,,Survivalist Hunter Armor*,Mobility Enhancement Mod*,Restorative Mod,Tier 1 Armor*,Traction*,Light Arms Dexterity,Scout Rifle Scavenger,Submachine Gun Scavenger*,,,,
Wing Contender,1084033161,"""6917529097856743807""",,Legendary,Leg Armor,crucible,Hunter,1600,1060,,Vault,false,false,2,4,,30,0,0,10,5,5,50,20,0,0,10,5,5,40,,,,Mobile Hunter Armor*,Mobility Enhancement Mod*,Restorative Mod,Tier 4 Armor*,Crucible Legacy*,Perpetuation*,Rifle Dexterity,Hand Cannon Scavenger*,Scout Rifle Scavenger,,,
Wing Contender,1084033161,"""6917529100667531648""",,Legendary,Leg Armor,crucible,Hunter,1600,1060,,Vault,false,false,2,4,,10,10,10,5,5,5,45,0,10,10,5,5,5,35,,,,Survivalist Hunter Armor*,Mobility Enhancement Mod*,Restorative Mod,Tier 1 Armor*,Crucible Legacy*,Bow Dexterity*,Power Dexterity,Auto Rifle Scavenger*,Special Ammo Finder,,,
Stronghold,2240152949,"""6917529873645348274""",,Exotic,Gauntlets,,Titan,1800,,1,Vault,true,false,2,6,,10,9,14,20,2,8,63,10,9,14,20,2,8,63,,,,Upgrade Armor*,*,*,*,*,Clenched Fist*,,,,,,
Wing Contender,1069887756,"""6917529098088921442""",,Legendary,Hunter Cloak,crucible,Hunter,1600,1060,,Vault,false,false,2,4,,0,0,0,0,0,0,0,0,0,0,0,0,0,0,,,,Tier 1 Armor*,Crucible Legacy*,Better Already,Innervation*,Rocket Launcher Scavenger,Auto Rifle Reserves*,,,,,,
Vigil of Heroes,3670149407,"""6917529098108226068""",,Legendary,Hunter Cloak,strikes,Hunter,1600,1060,,Vault,false,false,2,4,,0,0,0,0,0,0,0,0,0,0,0,0,0,0,,,,Tier 2 Armor*,Vanguard Veteran*,Innervation*,Auto Rifle Scavenger*,,,,,,,,
Binary Phoenix Cloak,1658896287,"""6917529106742405478""",,Legendary,Hunter Cloak,crucible,Hunter,1600,1060,2,Vault,false,false,3,8,,0,0,0,0,0,0,0,0,0,0,0,0,0,0,,,,Upgrade Armor*,,,,,,,,,,,
Tangled Web Cloak,25091086,"""6917529098108227789""",,Legendary,Hunter Cloak,legendaryengram,Hunter,1600,1060,,Vault,false,false,2,4,,0,0,0,0,0,0,0,0,0,0,0,0,0,0,,,,Tier 3 Armor*,Innervation*,Fusion Rifle Reserves*,,,,,,,,,
Retro-Grade TG2,2783831726,"""6917529869824079716""",,Legendary,Helmet,legendaryengram,Titan,1750,,1,Vault,false,false,4,15,,12,13,2,10,8,6,51,12,13,2,10,8,6,51,,,,Upgrade Armor*,*,*,*,*,,,,,,,
Kerak Type 2,4273043916,"""6917529866111948630""",,Legendary,Gauntlets,legendaryengram,Titan,1600,,1,Vault,true,false,4,12,,7,20,2,6,20,2,57,7,20,2,6,20,2,57,,,,Upgrade Armor*,*,*,*,*,,,,,,,
Tangled Web Hood,4113317396,"""6917529877930130373""",,Legendary,Helmet,legendaryengram,Warlock,1802,,1,Vault,true,false,4,15,,15,2,11,14,13,2,57,15,2,11,14,13,2,57,,,,Upgrade Armor*,*,*,*,*,,,,,,,
Devastation Complex,3434301337,"""6917529869710288794""",,Legendary,Helmet,legendaryengram,Titan,1744,,2,Vault,false,false,4,15,,7,17,2,11,6,7,50,7,17,2,11,6,7,50,,,,Upgrade Armor*,*,*,*,*,,,,,,,
Noble Constant Type 2,2066872758,"""6917529872841977752""",,Legendary,Helmet,ikora,Titan,1800,,2,Vault,false,false,4,12,,8,14,7,18,7,2,56,8,14,7,18,7,2,56,,,,Upgrade Armor*,*,*,*,*,,,,,,,
Prodigal Gauntlets,2610240827,"""6917529869811921281""",,Legendary,Gauntlets,legendaryengram,Titan,1750,,4,Vault,false,false,4,15,,8,6,12,18,8,2,54,8,6,12,18,8,2,54,,,,Upgrade Armor*,*,*,*,*,,,,,,,
Scatterhorn Greaves,3990691634,"""6917529865478938527""",,Legendary,Leg Armor,tangled,Titan,1600,,1,Vault,true,false,4,14,,8,19,2,20,8,2,59,8,19,2,20,8,2,59,,,,Tangled Rust*,Upgrade Armor*,*,*,*,*,,,,,,
Vesper of Radius,1725917554,"""6917529879017112075""",,Exotic,Chest Armor,,Warlock,1800,,5,Vault,true,false,1,2,,9,10,15,14,2,15,65,9,10,15,14,2,15,65,,,,Upgrade Armor*,*,*,*,*,Planetary Torrent*,,,,,,
The Outlander's Cover,1992338980,"""6917529861430251753""",,Rare,Helmet,campaign,Hunter,1600,,5,Vault,false,false,2,4,,10,7,6,10,2,12,47,10,7,6,10,2,12,47,,,,Upgrade Armor*,*,*,*,*,,,,,,,
Noble Constant Type 2,4258405681,"""6917529867169168620""",,Legendary,Chest Armor,ikora,Titan,1600,,2,Vault,true,false,4,12,,2,24,6,20,2,8,62,2,24,6,20,2,8,62,,,,Upgrade Armor*,*,*,*,*,,,,,,,
Retro-Grade TG2,3809138207,"""6917529869811921852""",,Legendary,Gauntlets,legendaryengram,Titan,1750,,1,Vault,false,false,4,15,,2,16,6,13,7,7,51,2,16,6,13,7,7,51,,,,Upgrade Armor*,*,*,*,*,,,,,,,
Ego Talon IV,1390681142,"""6917529879348877752""",,Legendary,Chest Armor,ikora,Warlock,1800,,1,Vault,true,false,4,12,,2,2,25,18,2,8,57,2,2,25,18,2,8,57,,,,Upgrade Armor*,*,*,*,*,,,,,,,
Unyielding Favor Hood,3056490591,"""6917529878435529584""",,Legendary,Helmet,seasonpass,Warlock,1799,,2,Vault,true,false,6,20,,2,21,7,14,10,6,60,2,21,7,14,10,6,60,,,,Upgrade Armor*,*,*,*,*,Queen's Favor*,,,,,,
Unyielding Favor Hood,3056490591,"""6917529878435524109""",,Legendary,Helmet,seasonpass,Warlock,1799,,2,Vault,true,false,6,20,,2,21,8,10,14,6,61,2,21,8,10,14,6,61,,,,Upgrade Armor*,*,*,*,*,Queen's Favor*,,,,,,
Thorium Holt Hood,1592984110,"""6917529879003601031""",,Legendary,Helmet,legendaryengram,Warlock,1803,,2,Vault,false,false,4,13,,7,12,7,12,9,6,53,7,12,7,12,9,6,53,,,,Upgrade Armor*,*,*,*,*,,,,,,,
Photosuede Helmet,1537128821,"""6917529870780894816""",,Legendary,Helmet,strikes,Titan,1776,,2,Vault,false,false,5,16,,6,7,11,8,11,7,50,6,7,11,8,11,7,50,,,,Upgrade Armor*,*,*,*,*,,,,,,,
Photosuede Helmet,1537128821,"""6917529870788000111""",,Legendary,Helmet,strikes,Titan,1776,,1,Vault,false,false,5,16,,2,6,18,6,13,6,51,2,6,18,6,13,6,51,,,,Upgrade Armor*,*,*,*,*,,,,,,,
Prodigal Helm,2143887570,"""6917529867264921248""",,Legendary,Helmet,legendaryengram,Titan,1600,,5,Vault,true,false,4,15,,12,14,2,22,2,2,54,12,14,2,22,2,2,54,,,,Upgrade Armor*,*,*,*,*,,,,,,,
Tangled Web Helm,2483687741,"""6917529870701607053""",,Legendary,Helmet,legendaryengram,Titan,1776,,3,Vault,false,false,4,15,,7,20,2,10,9,6,54,7,20,2,10,9,6,54,,,,Upgrade Armor*,*,*,*,*,,,,,,,
Terra Concord Helm,881579413,"""6917529870759023612""",,Legendary,Helmet,legendaryengram,Titan,1775,,2,Vault,false,false,3,11,,8,6,13,6,7,11,51,8,6,13,6,7,11,51,,,,Upgrade Armor*,*,*,*,*,,,,,,,
Noble Constant Type 2,3229389575,"""6917529870775374551""",,Legendary,Gauntlets,ikora,Titan,1781,,2,Vault,false,false,4,12,,7,2,18,20,2,7,56,7,2,18,20,2,7,56,,,,Upgrade Armor*,*,*,*,*,,,,,,,
Noble Constant Type 2,3229389575,"""6917529870744447901""",,Legendary,Gauntlets,ikora,Titan,1777,,2,Vault,false,false,4,12,,2,12,13,13,7,7,54,2,12,13,13,7,7,54,,,,Upgrade Armor*,*,*,*,*,,,,,,,
Tangled Web Gauntlets,946219692,"""6917529870775382027""",,Legendary,Gauntlets,legendaryengram,Titan,1777,,1,Vault,false,false,4,15,,13,2,10,6,13,6,50,13,2,10,6,13,6,50,,,,Upgrade Armor*,*,*,*,*,,,,,,,
Retro-Grade TG2,3809138207,"""6917529870780896570""",,Legendary,Gauntlets,legendaryengram,Titan,1774,,4,Vault,false,false,4,15,,2,13,11,13,10,2,51,2,13,11,13,10,2,51,,,,Upgrade Armor*,*,*,*,*,,,,,,,
Mimetic Savior Helm,343027757,"""6917529870810695077""",,Legendary,Helmet,legendaryengram,Titan,1777,,1,Vault,false,false,4,13,,2,10,17,2,11,11,53,2,10,17,2,11,11,53,,,,Upgrade Armor*,*,*,*,*,,,,,,,
Unyielding Favor Gauntlets,428806571,"""6917529870724424140""",,Legendary,Gauntlets,seasonpass,Titan,1774,,5,Vault,false,false,6,20,,2,6,18,13,6,9,54,2,6,18,13,6,9,54,,,,Upgrade Armor*,*,*,*,*,Queen's Favor*,,,,,,
Reverie Dawn Gauntlets,1478378067,"""6917529865121270506""",,Legendary,Gauntlets,dreaming,Titan,1750,,7,Vault,true,false,4,13,,2,14,26,25,2,2,71,2,14,16,25,2,2,61,,Gamma,armorset:exoticboots,Recovery Mod*,Firepower*,Grenade Kickstart*,Grenade Kickstart*,Upgrade Armor*,*,*,*,*,,,
Clutch Extol Helmet,2102025592,"""6917529871215910129""",,Legendary,Helmet,crucible,Titan,1782,,1,Vault,false,false,5,16,,6,14,6,12,7,8,53,6,14,6,12,7,8,53,,,,Upgrade Armor*,*,*,*,*,,,,,,,
Crest of Alpha Lupi,1591207519,"""6917529870764901277""",,Exotic,Chest Armor,,Titan,1778,,1,Vault,true,false,1,1,,10,8,17,9,14,9,67,10,8,17,9,14,9,67,,,,Upgrade Armor*,*,*,*,*,Survival Well*,,,,,,
Tangled Web Plate,2185244404,"""6917529870780894912""",,Legendary,Chest Armor,legendaryengram,Titan,1777,,2,Vault,false,false,4,15,,6,6,10,11,2,12,47,6,6,10,11,2,12,47,,,,Upgrade Armor*,*,*,*,*,,,,,,,
Shards of Galanor,1098931325,"""6917529096984785478""",,Exotic,Gauntlets,,Hunter,1600,,,Vault,true,false,2,4,,20,10,0,5,5,10,50,10,10,0,5,5,10,40,,,,Sharp Edges*,Mobility Enhancement Mod*,Plasteel Reinforcement Mod,Hand Cannon Loader*,Impact Induction,Enhanced Momentum Transfer,Fusion Rifle Scavenger*,Grenade Launcher Scavenger,*,,,
Raiden Flux,419976110,"""6917529095616267314""",,Exotic,Chest Armor,,Hunter,1600,,,Vault,false,false,1,1,,10,10,10,5,5,10,50,10,10,0,5,5,10,40,,,,Synapse Junctions*,Plasteel Reinforcement Mod,Restorative Mod*,Unflinching Scout Rifle Aim,Unflinching Light Arms Aim*,Enhanced Unflinching Bow Aim,Hand Cannon Reserves*,Sidearm Reserves,*,,,
Insight Unyielding Greaves,3651598572,"""6917529870788000159""",,Legendary,Leg Armor,legendaryengram,Titan,1776,,5,Vault,false,false,3,11,,2,11,14,2,10,11,50,2,11,14,2,10,11,50,,,,Upgrade Armor*,*,*,*,*,,,,,,,
Devastation Complex,3264721770,"""6917529870787997481""",,Legendary,Leg Armor,legendaryengram,Titan,1775,,1,Vault,false,false,4,15,,2,6,18,16,6,7,55,2,6,18,16,6,7,55,,,,Upgrade Armor*,*,*,*,*,,,,,,,
Unyielding Favor Greaves,1903444925,"""6917529870724429070""",,Legendary,Leg Armor,seasonpass,Titan,1773,,2,Vault,false,false,6,20,,2,12,11,13,6,7,51,2,12,11,13,6,7,51,,,,Upgrade Armor*,*,*,*,*,Queen's Favor*,,,,,,
Unyielding Favor Greaves,1903444925,"""6917529870724430092""",,Legendary,Leg Armor,seasonpass,Titan,1773,,1,Vault,false,false,6,20,,6,16,2,17,2,8,51,6,16,2,17,2,8,51,,,,Upgrade Armor*,*,*,*,*,Queen's Favor*,,,,,,
Clutch Extol Gauntlets,2565829065,"""6917529863862296973""",,Legendary,Gauntlets,crucible,Titan,1600,,2,Vault,false,false,5,16,,6,9,14,7,13,6,55,6,9,14,7,13,6,55,,,,Upgrade Armor*,*,*,*,*,,,,,,,
Noble Constant Type 2,3229389575,"""6917529855717162767""",,Legendary,Gauntlets,ikora,Titan,1600,,1,Vault,true,false,4,12,,14,12,2,2,8,20,58,14,12,2,2,8,20,58,,,,Upgrade Armor*,*,*,*,*,,,,,,,
Dunemarchers,1160559849,"""6917529143199779515""",,Exotic,Leg Armor,,Titan,1767,,9,Vault,true,false,1,1,,13,7,16,6,6,12,60,13,7,6,6,6,12,50,,Gamma,armorset:exoticboots,Recovery Mod*,Innervation*,Recuperation*,Better Already*,Clouds at Sea*,Upgrade Armor*,*,*,*,*,Hip Wader*,Linear Actuators*
Unyielding Favor Hood,3056490591,"""6917529878440118224""",,Legendary,Helmet,seasonpass,Warlock,1802,,3,Vault,true,false,6,20,,13,2,10,19,6,2,52,13,2,10,19,6,2,52,,,,Upgrade Armor*,*,*,*,*,Queen's Favor*,,,,,,
Unyielding Favor Gauntlets,428806571,"""6917529870828449558""",,Legendary,Gauntlets,seasonpass,Titan,1779,,3,Vault,false,false,6,20,,12,2,17,8,13,10,62,12,2,17,8,13,10,62,,,,Upgrade Armor*,*,*,*,*,Queen's Favor*,,,,,,
Sunbracers,3787517196,"""6917529875280257939""",,Exotic,Gauntlets,,Warlock,1799,,7,Vault,true,false,1,1,,7,20,7,12,6,6,58,7,10,7,12,6,6,48,,,,Resilience Mod*,Grenade Kickstart*,Impact Induction*,Momentum Transfer*,Upgrade Armor*,*,*,*,*,Helium Spirals*,,
Scatterhorn Plate,3340244240,"""6917529870828448372""",,Legendary,Chest Armor,tangled,Titan,1778,,2,Vault,false,false,4,14,,7,2,17,8,13,7,54,7,2,17,8,13,7,54,,,,Tangled Rust*,Upgrade Armor*,*,*,*,*,,,,,,
Devastation Complex,385985080,"""6917529870788000805""",,Legendary,Chest Armor,legendaryengram,Titan,1778,,4,Vault,false,false,4,15,,6,2,17,8,6,13,52,6,2,17,8,6,13,52,,,,Upgrade Armor*,*,*,*,*,,,,,,,
Insight Unyielding Plate,3299386902,"""6917529870724423525""",,Legendary,Chest Armor,legendaryengram,Titan,1779,,3,Vault,false,false,3,11,,6,6,14,6,2,18,52,6,6,14,6,2,18,52,,,,Upgrade Armor*,*,*,*,*,,,,,,,
Unyielding Favor Greaves,1903444925,"""6917529870828452148""",,Legendary,Leg Armor,seasonpass,Titan,1778,,3,Vault,true,false,6,20,,7,2,18,19,2,6,54,7,2,18,19,2,6,54,,,,Upgrade Armor*,*,*,*,*,Queen's Favor*,,,,,,
Peacekeepers,3539357319,"""6917529858507992552""",,Exotic,Leg Armor,,Titan,1600,,1,Vault,true,false,1,1,,17,14,2,2,16,13,64,17,14,2,2,16,13,64,,,,Upgrade Armor*,*,*,*,*,Mecha Holster*,,,,,,
Insight Unyielding Greaves,3651598572,"""6917529869836235000""",,Legendary,Leg Armor,legendaryengram,Titan,1750,,1,Vault,false,false,3,11,,2,12,13,12,2,11,52,2,12,13,12,2,11,52,,,,Upgrade Armor*,*,*,*,*,,,,,,,
Terra Concord Greaves,1063507982,"""6917529869784388374""",,Legendary,Leg Armor,legendaryengram,Titan,1750,,1,Vault,false,false,3,11,,7,7,12,16,2,12,56,7,7,12,16,2,12,56,,,,Upgrade Armor*,*,*,*,*,,,,,,,
Insight Unyielding Gauntlets,3250360146,"""6917529871234464713""",,Legendary,Gauntlets,legendaryengram,Titan,1788,,2,Vault,false,false,3,11,,8,16,2,17,2,11,56,8,16,2,17,2,11,56,,,,Upgrade Armor*,*,*,*,*,,,,,,,
Heiro Camo,2954945607,"""6917529882256917859""",,Legendary,Helmet,legendaryengram,Warlock,1806,,1,Vault,false,false,4,15,,6,7,11,16,6,2,48,6,7,11,16,6,2,48,,,,Upgrade Armor*,*,*,*,*,,,,,,,
Ashen Wake,1734844650,"""6917529858563406354""",,Exotic,Gauntlets,,Titan,1600,,3,Vault,true,false,1,3,,2,16,13,14,10,7,62,2,16,13,14,10,7,62,,,,Upgrade Armor*,*,*,*,*,Bring the Heat*,,,,,,
Thorium Holt Hood,1592984110,"""6917529882288735079""",,Legendary,Helmet,legendaryengram,Warlock,1806,,2,Vault,false,false,4,13,,12,11,2,12,13,2,52,12,11,2,12,13,2,52,,,,Upgrade Armor*,*,*,*,*,,,,,,,
Viperidax Hood,4291183556,"""6917529880951113347""",,Legendary,Helmet,drifter,Warlock,1805,,1,Vault,false,false,5,16,,6,13,6,16,8,2,51,6,13,6,16,8,2,51,,,,Upgrade Armor*,*,*,*,*,,,,,,,
Actium War Rig,1591207518,"""6917529858568884220""",,Exotic,Chest Armor,,Titan,1600,,1,Vault,true,false,1,1,,8,17,8,10,20,2,65,8,17,8,10,20,2,65,,,,Upgrade Armor*,*,*,*,*,Auto-Loading Link*,,,,,,
Thorium Holt Gloves,2618290591,"""6917529877840374848""",,Legendary,Gauntlets,legendaryengram,Warlock,1804,,3,Vault,true,false,4,13,,6,7,13,12,7,7,52,6,7,13,12,7,7,52,,,,Upgrade Armor*,*,*,*,*,,,,,,,
Felwinter's Helm,2822465023,"""6917529875883694607""",,Exotic,Helmet,,Warlock,1802,,5,Vault,true,false,3,10,,19,2,9,13,9,8,60,19,2,9,13,9,8,60,,,,Upgrade Armor*,*,*,*,*,Warlord's End*,,,,,,
Thunderhead Gloves,3857602975,"""6917529877950745570""",,Legendary,Gauntlets,neomuna,Warlock,1804,,4,Vault,true,false,6,20,,2,12,17,13,10,8,62,2,12,17,13,10,8,62,,,,Upgrade Armor*,*,*,*,*,,,,,,,
Terra Concord Plate,362404956,"""6917529858544335179""",,Legendary,Chest Armor,legendaryengram,Titan,1600,,1,Vault,true,false,3,11,,2,21,6,8,13,7,57,2,21,6,8,13,7,57,,,,Upgrade Armor*,*,*,*,*,,,,,,,
Terra Concord Plate,362404956,"""6917529870692986500""",,Legendary,Chest Armor,legendaryengram,Titan,1784,,2,Vault,false,false,3,11,,8,7,10,6,12,8,51,8,7,10,6,12,8,51,,,,Upgrade Armor*,*,*,*,*,,,,,,,
Unyielding Favor Greaves,1903444925,"""6917529873660069443""",,Legendary,Leg Armor,seasonpass,Titan,1803,,3,Vault,false,false,6,20,,7,17,2,11,6,7,50,7,17,2,11,6,7,50,,,,Upgrade Armor*,*,*,*,*,Queen's Favor*,,,,,,
Praefectus Gauntlets,3350504921,"""6917529854008875048""",,Legendary,Gauntlets,seasonpass,Titan,1600,,4,Vault,true,false,4,13,,20,7,2,8,7,11,55,20,7,2,8,7,11,55,,,,Upgrade Armor*,*,*,*,*,,,,,,,
Insight Unyielding Helm,2112821379,"""6917529872878644543""",,Legendary,Helmet,legendaryengram,Titan,1797,,4,Vault,false,false,3,11,,7,7,15,18,2,6,55,7,7,15,18,2,6,55,,,,Upgrade Armor*,*,*,*,*,,,,,,,
High-Minded Complex,1876989571,"""6917529877883577950""",,Legendary,Chest Armor,legendaryengram,Warlock,1804,,2,Vault,true,false,4,15,,7,13,6,11,2,14,53,7,13,6,11,2,14,53,,,,Upgrade Armor*,*,*,*,*,,,,,,,
Geomag Stabilizers,121305948,"""6917529877801279627""",,Exotic,Leg Armor,,Warlock,1800,,1,Vault,true,false,2,4,,22,8,4,10,6,17,67,22,8,4,10,6,17,67,,,,Upgrade Armor*,*,*,*,*,Close Enough*,,,,,,
Insight Vikti Boots,2837138379,"""6917529878417258304""",,Legendary,Leg Armor,legendaryengram,Warlock,1800,,1,Vault,true,false,3,11,,7,11,7,17,2,6,50,7,11,7,17,2,6,50,,,,Upgrade Armor*,*,*,*,*,,,,,,,
Warmind's Avatar Chestplate,839296981,"""6917529858519477683""",,Legendary,Chest Armor,rasputin,Titan,1600,,2,Vault,true,false,5,19,,2,22,9,10,2,20,65,2,22,9,10,2,20,65,,,,Upgrade Armor*,*,*,*,*,Seraph Sensor Array*,,,,,,
Mimetic Savior Greaves,4293588774,"""6917529854462865820""",,Legendary,Leg Armor,legendaryengram,Titan,1600,,3,Vault,true,false,4,13,,2,26,2,6,2,17,55,2,26,2,6,2,17,55,,,,Upgrade Armor*,*,*,*,*,,,,,,,
Clutch Extol Helmet,2102025592,"""6917529871226500628""",,Legendary,Helmet,crucible,Titan,1779,,3,Vault,false,false,5,16,,12,2,13,18,2,8,55,12,2,13,18,2,8,55,,,,Upgrade Armor*,*,*,*,*,,,,,,,
Clutch Extol Greaves,2857770907,"""6917529871179757551""",,Legendary,Leg Armor,crucible,Titan,1782,,2,Vault,false,false,5,16,,6,2,18,16,6,8,56,6,2,18,16,6,8,56,,,,Upgrade Armor*,*,*,*,*,,,,,,,
Clutch Extol Gauntlets,2565829065,"""6917529871210444710""",,Legendary,Gauntlets,crucible,Titan,1780,,4,Vault,false,false,5,16,,20,7,2,12,12,2,55,20,7,2,12,12,2,55,,,,Upgrade Armor*,*,*,*,*,,,,,,,
Thorium Holt Boots,1539437665,"""6917529877870619217""",,Legendary,Leg Armor,legendaryengram,Warlock,1800,,1,Vault,true,false,4,13,,10,8,7,12,6,8,51,10,8,7,12,6,8,51,,,,Upgrade Armor*,*,*,*,*,,,,,,,
Warmind's Avatar Chestplate,839296981,"""6917529857548519438""",,Legendary,Chest Armor,rasputin,Titan,1600,,4,Vault,true,false,5,19,,9,22,2,17,8,2,60,9,22,2,17,8,2,60,,,,Upgrade Armor*,*,*,*,*,Seraph Sensor Array*,,,,,,
Seventh Seraph Plate,630719097,"""6917529858483554203""",,Legendary,Chest Armor,seasonpass,Titan,1600,,5,Vault,true,false,3,10,,12,20,2,22,2,6,64,12,20,2,22,2,6,64,,,,Upgrade Armor*,*,*,*,*,,,,,,,
Tesseract Trace IV,2339155434,"""6917529874201168063""",,Legendary,Helmet,legendaryengram,Warlock,1696,,1,Vault,true,false,3,11,,21,8,2,6,2,18,57,21,8,2,6,2,18,57,,,,Upgrade Armor*,*,*,*,*,,,,,,,
Terra Concord Helm,881579413,"""6917529856290175575""",,Legendary,Helmet,legendaryengram,Titan,1600,,3,Vault,true,false,3,11,,2,22,2,14,8,7,55,2,22,2,14,8,7,55,,,,Upgrade Armor*,*,*,*,*,,,,,,,
Mask of the Quiet One,3883866764,"""6917529863908574394""",,Exotic,Helmet,,Titan,1600,,6,Vault,true,false,1,1,,2,19,13,10,11,9,64,2,19,13,10,11,9,64,,,,Upgrade Armor*,*,*,*,*,Dreaded Visage*,,,,,,
Devastation Complex,3434301337,"""6917529857211197242""",,Legendary,Helmet,legendaryengram,Titan,1600,,9,Vault,true,false,4,15,,2,23,2,16,7,7,57,2,23,2,16,7,7,57,,,,Upgrade Armor*,*,*,*,*,,,,,,,
Seventh Seraph Greaves,1967684865,"""6917529858474572469""",,Legendary,Leg Armor,seasonpass,Titan,1600,,5,Vault,true,false,3,10,,12,20,2,22,2,6,64,12,20,2,22,2,6,64,,,,Upgrade Armor*,*,*,*,*,,,,,,,
Eidolon Pursuant Plate,2288543943,"""6917529868639689488""",,Legendary,Chest Armor,haunted,Titan,1600,,2,Vault,true,false,5,17,,20,12,2,20,12,2,68,20,12,2,20,12,2,68,,,,Upgrade Armor*,*,*,*,*,Visage of the Reaper*,,,,,,
Wormgod Caress,1734844651,"""6917529856589242003""",,Exotic,Gauntlets,,Titan,1600,,7,Vault,true,false,1,3,,2,11,11,6,6,12,48,2,11,11,6,6,12,48,,,,Deprecated Armor Mod*,Upgrade Armor*,*,*,*,*,Burning Fists*,,,,,
Photosuede Boots,2713820407,"""6917529877830158779""",,Legendary,Leg Armor,strikes,Warlock,1799,,1,Vault,false,false,5,16,,12,6,7,16,2,6,49,12,6,7,16,2,6,49,,,,Upgrade Armor*,*,*,*,*,,,,,,,
Unyielding Favor Hood,3056490591,"""6917529878477410416""",,Legendary,Helmet,seasonpass,Warlock,1799,,2,Vault,true,false,6,20,,12,19,2,20,2,10,65,12,19,2,20,2,10,65,,,,Upgrade Armor*,*,*,*,*,Queen's Favor*,,,,,,
Unyielding Favor Hood,3056490591,"""6917529878451072480""",,Legendary,Helmet,seasonpass,Warlock,1799,,4,Vault,true,false,6,20,,2,13,18,17,10,2,62,2,13,18,17,10,2,62,,,,Upgrade Armor*,*,*,*,*,Queen's Favor*,,,,,,
Unyielding Favor Hood,3056490591,"""6917529878477410947""",,Legendary,Helmet,seasonpass,Warlock,1799,,2,Vault,true,false,6,20,,2,16,13,26,6,2,65,2,16,13,26,6,2,65,,,,Upgrade Armor*,*,*,*,*,Queen's Favor*,,,,,,
Warmind's Avatar Pants,2471829328,"""6917529860722713121""",,Legendary,Leg Armor,rasputin,Warlock,1600,,6,Vault,true,false,5,19,,10,22,2,10,10,10,64,10,22,2,10,10,10,64,,,,Upgrade Armor*,*,*,*,*,Seraph Sensor Array*,,,,,,
Unyielding Favor Gloves,3031934630,"""6917529877745008024""",,Legendary,Gauntlets,seasonpass,Warlock,1800,,2,Vault,true,false,6,20,,2,22,2,12,2,12,52,2,22,2,12,2,12,52,,,,Upgrade Armor*,*,*,*,*,Queen's Favor*,,,,,,
Eidolon Pursuant Helm,527342912,"""6917529868899113911""",,Legendary,Helmet,haunted,Titan,1600,,2,Vault,true,false,5,17,,16,6,2,23,2,2,51,16,6,2,23,2,2,51,,,,Upgrade Armor*,*,*,*,*,Visage of the Reaper*,,,,,,
Mk. 44 Stand Asides,136355432,"""6917529865146209476""",,Exotic,Leg Armor,,Titan,1600,,1,Vault,true,false,1,2,,11,22,2,15,2,14,66,11,22,2,15,2,14,66,,,,Upgrade Armor*,*,*,*,*,"Seriously, Watch Out*",,,,,,
Prodigal Gauntlets,2610240827,"""6917529869287357575""",,Legendary,Gauntlets,legendaryengram,Titan,1666,,3,Vault,false,false,4,15,,14,12,2,14,11,2,55,14,12,2,14,11,2,55,,,,Upgrade Armor*,*,*,*,*,,,,,,,
Thunderhead Gloves,3857602975,"""6917529877947120556""",,Legendary,Gauntlets,neomuna,Warlock,1799,,1,Vault,false,false,6,20,,6,6,10,12,6,6,46,6,6,10,12,6,6,46,,,,Upgrade Armor*,*,*,*,*,,,,,,,
Devastation Complex,3434301337,"""6917529871691322192""",,Legendary,Helmet,legendaryengram,Titan,1791,,3,Vault,false,false,4,15,,6,6,13,16,6,12,59,6,6,13,16,6,12,59,,,,Upgrade Armor*,*,*,*,*,,,,,,,
Tangled Web Robes,1452257107,"""6917529878447969793""",,Legendary,Chest Armor,legendaryengram,Warlock,1800,,1,Vault,false,false,4,15,,8,10,8,12,2,12,52,8,10,8,12,2,12,52,,,,Upgrade Armor*,*,*,*,*,,,,,,,
Retro-Grade TG2,331602521,"""6917529858862215298""",,Legendary,Chest Armor,legendaryengram,Titan,1600,,1,Vault,true,false,4,15,,2,21,6,2,19,6,56,2,21,6,2,19,6,56,,,,Upgrade Armor*,*,*,*,*,,,,,,,
Deep Explorer Gloves,1468388696,"""6917529878960743950""",,Legendary,Gauntlets,duality,Warlock,1800,,3,Vault,false,false,5,17,,15,10,6,12,8,12,63,15,10,6,12,8,12,63,,,,Upgrade Armor*,*,*,*,*,,,,,,,
Viperidax Gauntlets,3342536996,"""6917529871240680702""",,Legendary,Gauntlets,drifter,Titan,1781,,1,Vault,false,false,5,16,,7,16,2,16,7,2,50,7,16,2,16,7,2,50,,,,Upgrade Armor*,*,*,*,*,,,,,,,
Thorium Holt Robes,3603834073,"""6917529877935394194""",,Legendary,Chest Armor,legendaryengram,Warlock,1800,,2,Vault,false,false,4,13,,7,12,7,14,12,2,54,7,12,7,14,12,2,54,,,,Upgrade Armor*,*,*,*,*,,,,,,,
Viperidax Plate,1740888860,"""6917529855737369859""",,Legendary,Chest Armor,drifter,Titan,1600,,4,Vault,true,false,5,16,,14,10,2,2,23,2,53,14,10,2,2,23,2,53,,,,Upgrade Armor*,*,*,*,*,,,,,,,
Iron Companion Gloves,357179927,"""6917529860830482134""",,Legendary,Gauntlets,ironbanner,Warlock,1600,,2,Vault,true,false,5,19,,6,7,20,10,6,11,60,6,7,20,10,6,11,60,,,,Upgrade Armor*,*,*,*,*,Iron Lord's Pride*,,,,,,
Scatterhorn Helm,822537185,"""6917529858890531225""",,Legendary,Helmet,tangled,Titan,1600,,1,Vault,true,false,4,14,,2,24,6,16,12,2,62,2,24,6,16,12,2,62,,,,Tangled Bronze*,Upgrade Armor*,*,*,*,*,,,,,,
Unyielding Favor Robes,988330314,"""6917529878504761997""",,Legendary,Chest Armor,seasonpass,Warlock,1800,,2,Vault,false,false,6,20,,11,12,2,12,13,2,52,11,12,2,12,13,2,52,,,,Upgrade Armor*,*,*,*,*,Queen's Favor*,,,,,,
Clutch Extol Boots,132486706,"""6917529877930130766""",,Legendary,Leg Armor,crucible,Warlock,1799,,2,Vault,false,false,5,16,,9,12,8,18,2,7,56,9,12,8,18,2,7,56,,,,Upgrade Armor*,*,*,*,*,,,,,,,
Philomath Gloves,760584029,"""6917529861373439788""",,Legendary,Gauntlets,legendaryengram,Warlock,1600,,4,Vault,true,false,4,12,,13,12,14,20,2,6,67,13,2,14,20,2,6,57,,,,Resilience Mod*,Upgrade Armor*,*,*,*,*,,,,,,
Noble Constant Type 2,3229389575,"""6917529869239614410""",,Legendary,Gauntlets,ikora,Titan,1652,,2,Vault,false,false,4,12,,8,8,13,14,6,7,56,8,8,13,14,6,7,56,,,,Upgrade Armor*,*,*,*,*,,,,,,,
Graviton Forfeit,3926392527,"""6917529096346423731""",,Exotic,Helmet,,Hunter,1600,,,Vault,true,false,1,2,,10,0,20,7,6,7,50,10,0,10,7,6,7,40,,,,Vanishing Shadow*,Plasteel Reinforcement Mod,Restorative Mod*,Hand Cannon Targeting,Energy Weapon Targeting*,Special Ammo Finder,Shotgun Reserves*,*,,,,
Celestial Nighthawk,1667080810,"""6917529099287233777""",,Exotic,Helmet,,Hunter,1600,,,Vault,true,false,1,1,,10,20,0,5,5,10,50,10,10,0,5,5,10,40,,,,Hawkeye Hack*,Plasteel Reinforcement Mod*,Restorative Mod,Pulse Rifle Targeting,Bow Targeting*,Special Ammo Finder,Grenade Launcher Reserves*,*,,,,
Aeon Soul,2950045886,"""6917529877014607553""",,Exotic,Gauntlets,,Warlock,1802,,2,Vault,true,false,1,2,,6,14,17,18,6,7,68,6,14,17,18,6,7,68,,,,Upgrade Armor*,*,*,*,*,Sect of Force*,,,,,,
Tangled Web Gauntlets,946219692,"""6917529869237916991""",,Legendary,Gauntlets,legendaryengram,Titan,1633,,1,Vault,false,false,4,15,,12,6,12,12,7,10,59,12,6,12,12,7,10,59,,,,Upgrade Armor*,*,*,*,*,,,,,,,
Eimin-Tin Ritual Mask,3634942770,"""6917529861418811710""",,Legendary,Helmet,tangled,Warlock,1600,,2,Vault,true,false,4,12,,6,6,11,2,22,2,49,6,6,11,2,22,2,49,,,,Upgrade Armor*,*,*,*,*,,,,,,,
Ursa Furiosa,1848640623,"""6917529871675487610""",,Exotic,Gauntlets,,Titan,1791,,4,Vault,true,false,2,4,,9,12,13,15,15,2,66,9,12,13,15,15,2,66,,,,Upgrade Armor*,*,*,*,*,Ursine Guard*,,,,,,
Torobatl Celebration Mask,64566999,"""6917529871701179080""",,Legendary,Helmet,tangled,Titan,1790,,4,Vault,false,false,4,12,,12,13,2,11,13,2,53,12,13,2,11,13,2,53,,,,Upgrade Armor*,*,*,*,*,,,,,,,
Kerak Type 2,1091190365,"""6917529871715107428""",,Legendary,Helmet,legendaryengram,Titan,1789,,2,Vault,false,false,4,12,,2,16,6,12,7,6,49,2,16,6,12,7,6,49,,,,Upgrade Armor*,*,*,*,*,,,,,,,
Photosuede Gauntlets,212971972,"""6917529871294584787""",,Legendary,Gauntlets,strikes,Titan,1783,,1,Vault,false,false,5,16,,15,6,7,10,16,2,56,15,6,7,10,16,2,56,,,,Upgrade Armor*,*,*,*,*,,,,,,,
Mimetic Savior Gauntlets,995693468,"""6917529871267353720""",,Legendary,Gauntlets,legendaryengram,Titan,1783,,1,Vault,false,false,4,13,,2,17,6,19,6,2,52,2,17,6,19,6,2,52,,,,Upgrade Armor*,*,*,*,*,,,,,,,
Photosuede Gauntlets,212971972,"""6917529871294586679""",,Legendary,Gauntlets,strikes,Titan,1784,,1,Vault,false,false,5,16,,10,8,8,13,2,11,52,10,8,8,13,2,11,52,,,,Upgrade Armor*,*,*,*,*,,,,,,,
Viperidax Gauntlets,3342536996,"""6917529871267359233""",,Legendary,Gauntlets,drifter,Titan,1785,,1,Vault,false,false,5,16,,8,21,2,12,2,16,61,8,21,2,12,2,16,61,,,,Upgrade Armor*,*,*,*,*,,,,,,,
Insight Unyielding Gauntlets,3250360146,"""6917529871335735587""",,Legendary,Gauntlets,legendaryengram,Titan,1787,,5,Vault,false,false,3,11,,12,7,7,13,12,2,53,12,7,7,13,12,2,53,,,,Upgrade Armor*,*,*,*,*,,,,,,,
Retro-Grade TG2,3809138207,"""6917529871701178811""",,Legendary,Gauntlets,legendaryengram,Titan,1788,,1,Vault,false,false,4,15,,13,13,2,13,6,7,54,13,13,2,13,6,7,54,,,,Upgrade Armor*,*,*,*,*,,,,,,,
Terra Concord Fists,3852389988,"""6917529871656817378""",,Legendary,Gauntlets,legendaryengram,Titan,1790,,3,Vault,false,false,3,11,,12,2,13,11,10,2,50,12,2,13,11,10,2,50,,,,Upgrade Armor*,*,*,*,*,,,,,,,
Noble Constant Type 2,2406652745,"""6917529855698324478""",,Legendary,Leg Armor,ikora,Titan,1600,,1,Vault,true,false,4,12,,9,9,10,2,21,6,57,9,9,10,2,21,6,57,,,,Upgrade Armor*,*,*,*,*,,,,,,,
Mimetic Savior Greaves,4293588774,"""6917529854997346158""",,Legendary,Leg Armor,legendaryengram,Titan,1600,,2,Vault,true,false,4,13,,12,16,2,2,24,2,58,12,16,2,2,24,2,58,,,,Upgrade Armor*,*,*,*,*,,,,,,,
Viperidax Plate,1740888860,"""6917529871234471592""",,Legendary,Chest Armor,drifter,Titan,1783,,2,Vault,false,false,5,16,,13,8,7,13,7,7,55,13,8,7,13,7,7,55,,,,Upgrade Armor*,*,*,*,*,,,,,,,
Terra Concord Plate,362404956,"""6917529871294584672""",,Legendary,Chest Armor,legendaryengram,Titan,1783,,1,Vault,false,false,3,11,,6,12,8,10,6,9,51,6,12,8,10,6,9,51,,,,Upgrade Armor*,*,*,*,*,,,,,,,
Tangled Web Plate,2185244404,"""6917529871359318558""",,Legendary,Chest Armor,legendaryengram,Titan,1785,,1,Vault,false,false,4,15,,6,8,12,12,11,2,51,6,8,12,12,11,2,51,,,,Upgrade Armor*,*,*,*,*,,,,,,,
Prodigal Cuirass,1981473429,"""6917529871709019347""",,Legendary,Chest Armor,legendaryengram,Titan,1789,,4,Vault,false,false,4,15,,7,16,11,19,7,2,62,7,6,11,19,7,2,52,,,,Resilience Mod*,Upgrade Armor*,*,*,*,*,,,,,,
High-Minded Complex,1800940324,"""6917529861360618393""",,Legendary,Helmet,legendaryengram,Warlock,1600,,4,Vault,true,false,4,15,,2,2,23,12,8,6,53,2,2,23,12,8,6,53,,,,Upgrade Armor*,*,*,*,*,,,,,,,
Thunderhead Boots,2778750049,"""6917529877903559482""",,Legendary,Leg Armor,neomuna,Warlock,1799,,1,Vault,false,false,6,20,,6,6,10,12,6,6,46,6,6,10,12,6,6,46,,,,Upgrade Armor*,*,*,*,*,,,,,,,
Viperidax Greaves,978215630,"""6917529871256537565""",,Legendary,Leg Armor,drifter,Titan,1781,,5,Vault,false,false,5,16,,12,2,12,16,8,6,56,12,2,12,16,8,6,56,,,,Upgrade Armor*,*,*,*,*,,,,,,,
Retro-Grade TG2,2730285281,"""6917529871294587373""",,Legendary,Leg Armor,legendaryengram,Titan,1782,,1,Vault,false,false,4,15,,12,2,11,11,13,2,51,12,2,11,11,13,2,51,,,,Upgrade Armor*,*,*,*,*,,,,,,,
Unyielding Favor Greaves,1903444925,"""6917529871300207309""",,Legendary,Leg Armor,seasonpass,Titan,1785,,1,Vault,false,false,6,20,,14,14,2,13,6,12,61,14,14,2,13,6,12,61,,,,Upgrade Armor*,*,*,*,*,Queen's Favor*,,,,,,
Devastation Complex,3264721770,"""6917529871281600485""",,Legendary,Leg Armor,legendaryengram,Titan,1785,,1,Vault,false,false,4,15,,6,2,17,17,2,7,51,6,2,17,17,2,7,51,,,,Upgrade Armor*,*,*,*,*,,,,,,,
Thorium Holt Boots,1539437665,"""6917529878907184018""",,Legendary,Leg Armor,legendaryengram,Warlock,1800,,2,Vault,false,false,4,13,,12,7,6,10,15,2,52,12,7,6,10,15,2,52,,,,Upgrade Armor*,*,*,*,*,,,,,,,
Mimetic Savior Greaves,4293588774,"""6917529871656815516""",,Legendary,Leg Armor,legendaryengram,Titan,1788,,3,Vault,false,false,4,13,,2,16,7,12,14,2,53,2,16,7,12,14,2,53,,,,Upgrade Armor*,*,*,*,*,,,,,,,
Thorium Holt Boots,1539437665,"""6917529878934577902""",,Legendary,Leg Armor,legendaryengram,Warlock,1800,,4,Vault,false,false,4,13,,6,13,8,14,2,10,53,6,13,8,14,2,10,53,,,,Upgrade Armor*,*,*,*,*,,,,,,,
Insight Unyielding Greaves,3651598572,"""6917529871656812894""",,Legendary,Leg Armor,legendaryengram,Titan,1789,,2,Vault,false,false,3,11,,6,8,13,11,2,13,53,6,8,13,11,2,13,53,,,,Upgrade Armor*,*,*,*,*,,,,,,,
Terra Concord Greaves,1063507982,"""6917529871811612061""",,Legendary,Leg Armor,legendaryengram,Titan,1793,,4,Vault,false,false,3,11,,6,11,6,15,11,2,51,6,11,6,15,11,2,51,,,,Upgrade Armor*,*,*,*,*,,,,,,,
Tesseract Trace IV,1655109893,"""6917529879725418036""",,Legendary,Leg Armor,legendaryengram,Warlock,1800,,3,Vault,false,false,3,11,,7,7,10,16,8,2,50,7,7,10,16,8,2,50,,,,Upgrade Armor*,*,*,*,*,,,,,,,
Tangled Web Boots,3656418415,"""6917529879355677991""",,Legendary,Leg Armor,legendaryengram,Warlock,1800,,3,Vault,false,false,4,15,,2,6,16,11,8,8,51,2,6,16,11,8,8,51,,,,Upgrade Armor*,*,*,*,*,,,,,,,
Deep Explorer Boots,3798520466,"""6917529878947592684""",,Legendary,Leg Armor,duality,Warlock,1800,,4,Vault,false,false,5,17,,22,6,6,20,8,2,64,22,6,6,20,8,2,64,,,,Upgrade Armor*,*,*,*,*,,,,,,,
Noble Constant Type 2,2066872758,"""6917529871294591036""",,Legendary,Helmet,ikora,Titan,1789,,1,Vault,false,false,4,12,,13,6,9,10,2,15,55,13,6,9,10,2,15,55,,,,Upgrade Armor*,*,*,*,*,,,,,,,
Deep Explorer Boots,3798520466,"""6917529878947599300""",,Legendary,Leg Armor,duality,Warlock,1800,,3,Vault,false,false,5,17,,10,13,7,20,2,9,61,10,13,7,20,2,9,61,,,,Upgrade Armor*,*,*,*,*,,,,,,,
Deep Explorer Boots,3798520466,"""6917529878940523649""",,Legendary,Leg Armor,duality,Warlock,1800,,1,Vault,false,false,5,17,,12,2,20,10,14,6,64,12,2,20,10,14,6,64,,,,Upgrade Armor*,*,*,*,*,,,,,,,
Devastation Complex,3434301337,"""6917529871251892515""",,Legendary,Helmet,legendaryengram,Titan,1786,,1,Vault,false,false,4,15,,12,9,7,17,8,2,55,12,9,7,17,8,2,55,,,,Upgrade Armor*,*,*,*,*,,,,,,,
Heiro Camo,2984725960,"""6917529878918297290""",,Legendary,Leg Armor,legendaryengram,Warlock,1802,,1,Vault,false,false,4,15,,6,13,6,13,8,8,54,6,13,6,13,8,8,54,,,,Upgrade Armor*,*,*,*,*,,,,,,,
Insight Unyielding Helm,2112821379,"""6917529871310595694""",,Legendary,Helmet,legendaryengram,Titan,1786,,3,Vault,false,false,3,11,,2,6,22,17,7,2,56,2,6,22,17,7,2,56,,,,Upgrade Armor*,*,*,*,*,,,,,,,
Scorned Baron Plate,3214769810,"""6917529871811611534""",,Legendary,Chest Armor,tangled,Titan,1793,,1,Vault,false,false,4,12,,13,16,2,19,6,2,58,13,16,2,19,6,2,58,,,,Upgrade Armor*,*,*,*,*,,,,,,,
Devastation Complex,3264721770,"""6917529871818558539""",,Legendary,Leg Armor,legendaryengram,Titan,1793,,1,Vault,false,false,4,15,,2,13,13,11,2,12,53,2,13,13,11,2,12,53,,,,Upgrade Armor*,*,*,*,*,,,,,,,
Eternal Warrior,2808156426,"""6917529856860275247""",,Exotic,Helmet,,Titan,1600,,1,Vault,true,false,1,3,,10,14,8,8,13,9,62,10,14,8,8,13,9,62,,,,Upgrade Armor*,*,*,*,*,Resolute*,,,,,,
Devastation Complex,3434301337,"""6917529856860276879""",,Legendary,Helmet,legendaryengram,Titan,1600,,2,Vault,true,false,4,15,,7,16,2,6,22,2,55,7,16,2,6,22,2,55,,,,Upgrade Armor*,*,*,*,*,,,,,,,
Viperidax Robes,959484195,"""6917529879008537155""",,Legendary,Chest Armor,drifter,Warlock,1800,,3,Vault,false,false,5,16,,8,9,11,18,8,2,56,8,9,11,18,8,2,56,,,,Upgrade Armor*,*,*,*,*,,,,,,,
Unyielding Favor Robes,988330314,"""6917529879484679887""",,Legendary,Chest Armor,seasonpass,Warlock,1800,,3,Vault,false,false,6,20,,13,8,7,12,7,6,53,13,8,7,12,7,6,53,,,,Upgrade Armor*,*,*,*,*,Queen's Favor*,,,,,,
Scorned Baron Robes,4214131061,"""6917529879725414719""",,Legendary,Chest Armor,tangled,Warlock,1800,,1,Vault,false,false,4,12,,14,6,8,11,9,10,58,14,6,8,11,9,10,58,,,,Upgrade Armor*,*,*,*,*,,,,,,,
Severance Enclosure,2326396534,"""6917529870271569251""",,Exotic,Chest Armor,,Titan,1773,,1,Vault,true,false,3,9,,6,7,20,12,9,8,62,6,7,20,12,9,8,62,,,,Upgrade Armor*,*,*,*,*,Spheromatik Trigger*,,,,,,
Prodigal Robes,571127634,"""6917529878970536090""",,Legendary,Chest Armor,legendaryengram,Warlock,1800,,1,Vault,false,false,4,15,,7,7,13,13,8,7,55,7,7,13,13,8,7,55,,,,Upgrade Armor*,*,*,*,*,,,,,,,
Clutch Extol Robes,3261819408,"""6917529877840375060""",,Legendary,Chest Armor,crucible,Warlock,1802,,3,Vault,false,false,5,16,,12,2,13,17,2,9,55,12,2,13,17,2,9,55,,,,Upgrade Armor*,*,*,*,*,,,,,,,
Terra Concord Helm,881579413,"""6917529872023152908""",,Legendary,Helmet,legendaryengram,Titan,1794,,4,Vault,false,false,3,11,,13,13,2,17,6,2,53,13,13,2,17,6,2,53,,,,Upgrade Armor*,*,*,*,*,,,,,,,
Torobatl Celebration Mask,64566999,"""6917529872156024907""",,Legendary,Helmet,tangled,Titan,1795,,1,Vault,false,false,4,12,,18,2,7,11,2,12,52,18,2,7,11,2,12,52,,,,Upgrade Armor*,*,*,*,*,,,,,,,
Tangled Web Gauntlets,946219692,"""6917529872166571151""",,Legendary,Gauntlets,legendaryengram,Titan,1798,,1,Vault,false,false,4,15,,11,2,12,16,9,2,52,11,2,12,16,9,2,52,,,,Upgrade Armor*,*,*,*,*,,,,,,,
Thunderhead Gauntlets,2317494560,"""6917529871866674878""",,Legendary,Gauntlets,neomuna,Titan,1800,,3,Vault,false,false,6,20,,6,13,11,15,2,14,61,6,13,11,15,2,14,61,,,,Upgrade Armor*,*,*,*,*,,,,,,,
Terra Concord Fists,3852389988,"""6917529872071217787""",,Legendary,Gauntlets,legendaryengram,Titan,1795,,4,Vault,false,false,3,11,,7,13,6,13,6,6,51,7,13,6,13,6,6,51,,,,Upgrade Armor*,*,*,*,*,,,,,,,
Devastation Complex,2906086416,"""6917529872139122515""",,Legendary,Gauntlets,legendaryengram,Titan,1795,,3,Vault,false,false,4,15,,12,6,7,17,7,2,51,12,6,7,17,7,2,51,,,,Upgrade Armor*,*,*,*,*,,,,,,,
Citan's Ramparts,1190497097,"""6917529870692987431""",,Exotic,Gauntlets,,Titan,1793,,7,Vault,true,false,3,10,,7,23,8,22,8,2,70,7,13,8,22,8,2,60,,,,Resilience Mod*,Bolstering Detonation*,Bolstering Detonation*,Bolstering Detonation*,Upgrade Armor*,*,*,*,*,Assault Barricade*,,
Synthoceps,241462142,"""6917529870692984069""",,Exotic,Gauntlets,,Titan,1771,,8,Vault,true,false,1,1,,2,17,14,27,2,10,72,2,17,14,17,2,10,62,,,,Discipline Mod*,Firepower*,Impact Induction*,Heavy Handed*,Upgrade Armor*,*,*,*,*,Biotic Enhancements*,,
Terra Concord Fists,3852389988,"""6917529872139123432""",,Legendary,Gauntlets,legendaryengram,Titan,1794,,3,Vault,false,false,3,11,,6,10,6,10,13,2,47,6,10,6,10,13,2,47,,,,Upgrade Armor*,*,*,*,*,,,,,,,
Unyielding Favor Robes,988330314,"""6917529879720151397""",,Legendary,Chest Armor,seasonpass,Warlock,1803,,3,Vault,false,false,6,20,,12,2,12,12,14,2,54,12,2,12,12,14,2,54,,,,Upgrade Armor*,*,*,*,*,Queen's Favor*,,,,,,
Tangled Web Plate,2185244404,"""6917529872179588697""",,Legendary,Chest Armor,legendaryengram,Titan,1793,,1,Vault,false,false,4,15,,6,16,7,19,6,2,56,6,16,7,19,6,2,56,,,,Upgrade Armor*,*,*,*,*,,,,,,,
Insight Unyielding Plate,3299386902,"""6917529872128723535""",,Legendary,Chest Armor,legendaryengram,Titan,1794,,3,Vault,false,false,3,11,,8,11,6,11,14,2,52,8,11,6,11,14,2,52,,,,Upgrade Armor*,*,*,*,*,,,,,,,
Tesseract Trace IV,1920259123,"""6917529874858782966""",,Legendary,Gauntlets,legendaryengram,Warlock,1799,,1,Vault,true,false,3,11,,6,17,2,19,2,10,56,6,17,2,19,2,10,56,,,,Upgrade Armor*,*,*,*,*,,,,,,,
Mimetic Savior Greaves,4293588774,"""6917529872118965862""",,Legendary,Leg Armor,legendaryengram,Titan,1793,,1,Vault,false,false,4,13,,7,11,6,17,2,8,51,7,11,6,17,2,8,51,,,,Upgrade Armor*,*,*,*,*,,,,,,,
Antaeus Wards,2423243921,"""6917529872063993057""",,Exotic,Leg Armor,,Titan,1795,,2,Vault,true,false,2,4,,13,9,13,16,2,16,69,13,9,13,16,2,16,69,,,,Upgrade Armor*,*,*,*,*,Reflective Vents*,,,,,,
Noble Constant Type 2,2066872758,"""6917529863903076271""",,Legendary,Helmet,ikora,Titan,1600,,3,Vault,true,false,4,12,,6,21,2,8,13,6,56,6,21,2,8,13,6,56,,,,Upgrade Armor*,*,*,*,*,,,,,,,
Unyielding Favor Robes,988330314,"""6917529875004216963""",,Legendary,Chest Armor,seasonpass,Warlock,1803,,4,Vault,true,false,6,20,,2,28,6,25,2,2,65,2,18,6,25,2,2,55,,PvE,,Resilience Mod*,Upgrade Armor*,*,*,*,*,Queen's Favor*,,,,,
Tangled Web Mark,2929074377,"""6917529871857734812""",,Legendary,Titan Mark,legendaryengram,Titan,1792,,4,Vault,false,false,4,15,,0,0,0,0,0,0,0,0,0,0,0,0,0,0,,,,Upgrade Armor*,,,,,,,,,,,
Tangled Web Helm,2483687741,"""6917529864210573161""",,Legendary,Helmet,legendaryengram,Titan,1600,,1,Vault,true,false,4,15,,2,23,2,13,12,7,59,2,23,2,13,12,7,59,,,,Upgrade Armor*,*,*,*,*,,,,,,,
Heiro Camo,2432846050,"""6917529878978479176""",,Legendary,Chest Armor,legendaryengram,Warlock,1803,,4,Vault,false,false,4,15,,10,12,12,12,7,6,59,10,12,12,12,7,6,59,,,,Upgrade Armor*,*,*,*,*,,,,,,,
Unyielding Favor Gloves,3031934630,"""6917529877778551991""",,Legendary,Gauntlets,seasonpass,Warlock,1800,,5,Vault,false,false,6,20,,6,7,10,17,11,2,53,6,7,10,17,11,2,53,,,,Upgrade Armor*,*,*,*,*,Queen's Favor*,,,,,,
Terra Concord Fists,3852389988,"""6917529856589233955""",,Legendary,Gauntlets,legendaryengram,Titan,1600,,1,Vault,true,false,3,11,,2,22,2,7,9,10,52,2,22,2,7,9,10,52,,,,Upgrade Armor*,*,*,*,*,,,,,,,
Tesseract Trace IV,1920259123,"""6917529878447971548""",,Legendary,Gauntlets,legendaryengram,Warlock,1800,,3,Vault,false,false,3,11,,12,12,2,11,10,2,49,12,12,2,11,10,2,49,,,,Upgrade Armor*,*,*,*,*,,,,,,,
Prodigal Gloves,3634078494,"""6917529879470553707""",,Legendary,Gauntlets,legendaryengram,Warlock,1800,,4,Vault,false,false,4,15,,2,18,6,2,17,9,54,2,18,6,2,17,9,54,,,,Upgrade Armor*,*,*,*,*,,,,,,,
Insight Vikti Gloves,4239920089,"""6917529877866536967""",,Legendary,Gauntlets,legendaryengram,Warlock,1800,,3,Vault,false,false,3,11,,2,9,18,14,6,8,57,2,9,18,14,6,8,57,,,,Upgrade Armor*,*,*,*,*,,,,,,,
Viperidax Greaves,978215630,"""6917529856653208278""",,Legendary,Leg Armor,drifter,Titan,1600,,3,Vault,true,false,5,16,,7,20,2,20,7,2,58,7,20,2,20,7,2,58,,,,Upgrade Armor*,*,*,*,*,,,,,,,
TM-Moss Custom Gloves,1088225118,"""6917529879949146238""",,Legendary,Gauntlets,dungeon,Warlock,1805,,1,Vault,true,false,5,19,,8,12,11,22,6,2,61,8,12,11,22,6,2,61,,,,Upgrade Armor*,*,*,*,*,,,,,,,
High-Minded Complex,1365254141,"""6917529879713208254""",,Legendary,Gauntlets,legendaryengram,Warlock,1800,,2,Vault,false,false,4,15,,11,10,2,19,7,2,51,11,10,2,19,7,2,51,,,,Upgrade Armor*,*,*,*,*,,,,,,,
Ego Talon IV,3709048818,"""6917529878477407720""",,Legendary,Gauntlets,ikora,Warlock,1800,,5,Vault,false,false,4,12,,9,9,10,19,6,2,55,9,9,10,19,6,2,55,,,,Upgrade Armor*,*,*,*,*,,,,,,,
Deep Explorer Gloves,1468388696,"""6917529878918300873""",,Legendary,Gauntlets,duality,Warlock,1800,,1,Vault,false,false,5,17,,17,8,7,16,2,13,63,17,8,7,16,2,13,63,,,,Upgrade Armor*,*,*,*,*,,,,,,,
Viperidax Gauntlets,3342536996,"""6917529864787212340""",,Legendary,Gauntlets,drifter,Titan,1600,,3,Vault,true,false,5,16,,2,23,6,9,18,2,60,2,23,6,9,18,2,60,,,,Upgrade Armor*,*,*,*,*,,,,,,,
Khepri's Horn,2384488862,"""6917529861505627937""",,Exotic,Helmet,,Titan,1600,,4,Vault,true,false,1,2,,10,16,7,17,6,6,62,10,16,7,17,6,6,62,,,,Upgrade Armor*,*,*,*,*,Solar Rampart*,,,,,,
Clutch Extol Gloves,2097219064,"""6917529878548793355""",,Legendary,Gauntlets,crucible,Warlock,1800,,2,Vault,false,false,5,16,,9,14,6,14,8,6,57,9,14,6,14,8,6,57,,,,Upgrade Armor*,*,*,*,*,,,,,,,
Clutch Extol Gloves,2097219064,"""6917529878542365039""",,Legendary,Gauntlets,crucible,Warlock,1800,,2,Vault,false,false,5,16,,7,8,14,13,7,7,56,7,8,14,13,7,7,56,,,,Upgrade Armor*,*,*,*,*,,,,,,,
High-Minded Complex,3689406239,"""6917529880039314358""",,Legendary,Leg Armor,legendaryengram,Warlock,1804,,1,Vault,true,false,4,15,,7,7,12,18,6,2,52,7,7,12,18,6,2,52,,,,Upgrade Armor*,*,*,*,*,,,,,,,
Tangled Web Bond,3699156618,"""6917529880026511634""",,Legendary,Warlock Bond,legendaryengram,Warlock,1804,,1,Vault,true,false,4,15,,0,0,0,0,0,0,0,0,0,0,0,0,0,0,,,,Upgrade Armor*,,,,,,,,,,,
Tangled Web Hood,4113317396,"""6917529878951536555""",,Legendary,Helmet,legendaryengram,Warlock,1800,,3,Vault,false,false,4,15,,7,13,7,18,6,2,53,7,13,7,18,6,2,53,,,,Upgrade Armor*,*,*,*,*,,,,,,,
Corrupting Echo Cover,1832715465,"""6917529874898299218""",,Legendary,Helmet,30th,Warlock,1798,,3,Vault,true,false,4,15,,11,13,2,23,2,7,58,11,13,2,23,2,7,58,,,,Upgrade Armor*,*,*,*,*,,,,,,,
Clutch Extol Hood,1259299553,"""6917529860756988735""",,Legendary,Helmet,crucible,Warlock,1600,,2,Vault,true,false,5,16,,2,2,26,10,14,6,60,2,2,26,10,14,6,60,,,,Upgrade Armor*,*,*,*,*,,,,,,,
Heart of Inmost Light,1341951177,"""6917529863344204676""",,Exotic,Chest Armor,,Titan,1600,,3,Vault,true,false,2,4,,8,19,8,9,13,10,67,8,19,8,9,13,10,67,,,,Upgrade Armor*,*,*,*,*,Overflowing Light*,,,,,,
Iron Companion Hood,960442438,"""6917529860834837990""",,Legendary,Helmet,ironbanner,Warlock,1600,,1,Vault,true,false,5,19,,2,17,13,2,21,9,64,2,17,13,2,21,9,64,,,,Upgrade Armor*,*,*,*,*,Iron Lord's Pride*,,,,,,
Prodigal Hood,265597079,"""6917529878889019087""",,Legendary,Helmet,legendaryengram,Warlock,1800,,4,Vault,true,false,4,15,,2,2,23,16,6,2,51,2,2,23,16,6,2,51,,,,Upgrade Armor*,*,*,*,*,,,,,,,
Philomath Cover,1196270212,"""6917529879449348724""",,Legendary,Helmet,legendaryengram,Warlock,1800,,2,Vault,false,false,4,12,,12,7,9,10,7,10,55,12,7,9,10,7,10,55,,,,Upgrade Armor*,*,*,*,*,,,,,,,
Insight Vikti Hood,597618504,"""6917529879732723734""",,Legendary,Helmet,legendaryengram,Warlock,1800,,3,Vault,false,false,3,11,,2,10,16,17,2,6,53,2,10,16,17,2,6,53,,,,Upgrade Armor*,*,*,*,*,,,,,,,
Unyielding Favor Gloves,3031934630,"""6917529875853651542""",,Legendary,Gauntlets,seasonpass,Warlock,1802,,3,Vault,true,false,6,20,,2,12,18,11,10,10,63,2,12,18,11,10,10,63,,,,Upgrade Armor*,*,*,*,*,Queen's Favor*,,,,,,
Skull of Dire Ahamkara,1030017949,"""6917529874691021521""",,Exotic,Helmet,,Warlock,1802,,3,Vault,true,false,1,1,,10,7,18,13,15,2,65,10,7,18,13,15,2,65,,,,Solar Siphon*,Ashes to Assets*,Ashes to Assets*,Upgrade Armor*,*,*,*,*,Actual Grandeur*,,,
Philomath Cover,1196270212,"""6917529878970539253""",,Legendary,Helmet,legendaryengram,Warlock,1803,,1,Vault,false,false,4,12,,2,11,11,18,6,2,50,2,11,11,18,6,2,50,,,,Upgrade Armor*,*,*,*,*,,,,,,,
Eimin-Tin Ritual Mask,3634942770,"""6917529879008533957""",,Legendary,Helmet,tangled,Warlock,1803,,1,Vault,false,false,4,12,,10,11,2,18,6,2,49,10,11,2,18,6,2,49,,,,Upgrade Armor*,*,*,*,*,,,,,,,
Philomath Boots,3084633087,"""6917529879934838803""",,Legendary,Leg Armor,legendaryengram,Warlock,1803,,3,Vault,false,false,4,12,,14,2,10,12,2,11,51,14,2,10,12,2,11,51,,,,Upgrade Armor*,*,*,*,*,,,,,,,
Apotheosis Veil,1096253259,"""6917529879934838811""",,Exotic,Helmet,,Warlock,1803,,2,Vault,true,false,1,3,,18,3,11,2,21,9,64,18,3,11,2,21,9,64,,,,Upgrade Armor*,*,*,*,*,Insatiable*,,,,,,
Prodigal Robes,571127634,"""6917529876981600413""",,Legendary,Chest Armor,legendaryengram,Warlock,1800,,3,Vault,true,false,4,15,,6,2,18,19,2,6,53,6,2,18,19,2,6,53,,,,Upgrade Armor*,*,*,*,*,,,,,,,
Clutch Extol Hood,1259299553,"""6917529880062517600""",,Legendary,Helmet,crucible,Warlock,1800,,1,Vault,false,false,5,16,,13,8,8,15,7,6,57,13,8,8,15,7,6,57,,,,Upgrade Armor*,*,*,*,*,,,,,,,
Unyielding Favor Hood,3056490591,"""6917529879966475073""",,Legendary,Helmet,seasonpass,Warlock,1800,,3,Vault,false,false,6,20,,6,10,6,12,12,2,48,6,10,6,12,12,2,48,,,,Upgrade Armor*,*,*,*,*,Queen's Favor*,,,,,,
Heiro Camo,901647822,"""6917529879959806199""",,Legendary,Gauntlets,legendaryengram,Warlock,1800,,5,Vault,false,false,4,15,,2,10,12,11,8,6,49,2,10,12,11,8,6,49,,,,Upgrade Armor*,*,*,*,*,,,,,,,
Unyielding Favor Robes,988330314,"""6917529879902736880""",,Legendary,Chest Armor,seasonpass,Warlock,1803,,3,Vault,false,false,6,20,,2,12,18,8,16,8,64,2,12,18,8,16,8,64,,,,Upgrade Armor*,*,*,*,*,Queen's Favor*,,,,,,
Clutch Extol Robes,3261819408,"""6917529880039321093""",,Legendary,Chest Armor,crucible,Warlock,1800,,1,Vault,false,false,5,16,,13,6,12,14,2,12,59,13,6,12,14,2,12,59,,,,Upgrade Armor*,*,*,*,*,,,,,,,
Prodigal Robes,571127634,"""6917529879959812100""",,Legendary,Chest Armor,legendaryengram,Warlock,1800,,4,Vault,false,false,4,15,,13,7,6,13,6,8,53,13,7,6,13,6,8,53,,,,Upgrade Armor*,*,*,*,*,,,,,,,
TM-Moss Custom Duster,3185363346,"""6917529879966477383""",,Legendary,Chest Armor,dungeon,Warlock,1800,,1,Vault,false,false,5,19,,14,7,10,13,18,2,64,14,7,10,13,18,2,64,,,,Upgrade Armor*,*,*,*,*,,,,,,,
Abeyant Leap,3637722482,"""6917529869845272452""",,Exotic,Leg Armor,lostsectors,Titan,1795,,8,Vault,true,false,6,20,,6,16,12,21,10,12,77,6,16,12,11,10,12,67,,PvE,,Discipline Mod*,Better Already*,Recuperation*,Innervation*,Stalwart Tenet*,Upgrade Armor*,*,*,*,*,Puppeteer's Control*,
Noble Constant Type 2,2406652745,"""6917529874942694903""",,Legendary,Leg Armor,ikora,Titan,1800,,2,Vault,false,false,4,12,,8,17,2,12,7,7,53,8,17,2,12,7,7,53,,,,Upgrade Armor*,*,*,*,*,,,,,,,
Mythos Hack 4.1,1691784182,"""6917529875483641480""",,Rare,Leg Armor,campaign,Hunter,1705,,5,Vault,false,false,2,4,,6,7,11,18,6,2,50,6,7,11,18,6,2,50,,,,Metallic Sunset*,Upgrade Armor*,*,*,*,*,,,,,,
Fr0st-EE5,609852545,"""6917529876556664972""",,Exotic,Leg Armor,,Hunter,1797,,1,Vault,false,false,1,3,,16,8,7,15,14,2,62,16,8,7,15,14,2,62,,,,Upgrade Armor*,*,*,*,*,Rapid Cooldown*,,,,,,
Radiant Dance Machines,1702288800,"""6917529876536420953""",,Exotic,Leg Armor,lostsectors,Hunter,1796,,1,Vault,false,false,4,15,,12,9,9,11,9,10,60,12,9,9,11,9,10,60,,,,Upgrade Armor*,*,*,*,*,The Dance*,,,,,,
Insight Rover Boots,2905153902,"""6917529876536417320""",,Legendary,Leg Armor,legendaryengram,Hunter,1795,,1,Vault,false,false,3,11,,2,22,2,22,2,2,52,2,22,2,22,2,2,52,,,,Upgrade Armor*,*,*,*,*,,,,,,,
Errant Knight 1.0,3166972772,"""6917529876522580705""",,Legendary,Leg Armor,legendaryengram,Hunter,1793,,4,Vault,false,false,4,12,,8,6,12,10,8,8,52,8,6,12,10,8,8,52,,,,Upgrade Armor*,*,*,*,*,,,,,,,
Speedloader Slacks,2390471904,"""6917529876360388927""",,Exotic,Leg Armor,lostsectors,Hunter,1794,,4,Vault,false,false,6,20,,19,2,10,14,6,10,61,19,2,10,14,6,10,61,,,,Upgrade Armor*,*,*,*,*,Tight Fit*,,,,,,